-- phpMyAdmin SQL Dump
-- version 5.2.1
-- https://www.phpmyadmin.net/
--
-- 主機： 127.0.0.1
-- 產生時間： 2023-08-28 18:12:43
-- 伺服器版本： 10.4.28-MariaDB
-- PHP 版本： 8.2.4

SET SQL_MODE = "NO_AUTO_VALUE_ON_ZERO";
START TRANSACTION;
SET time_zone = "+00:00";


/*!40101 SET @OLD_CHARACTER_SET_CLIENT=@@CHARACTER_SET_CLIENT */;
/*!40101 SET @OLD_CHARACTER_SET_RESULTS=@@CHARACTER_SET_RESULTS */;
/*!40101 SET @OLD_COLLATION_CONNECTION=@@COLLATION_CONNECTION */;
/*!40101 SET NAMES utf8mb4 */;

--
-- 資料庫： `vrs`
--

-- --------------------------------------------------------

--
-- 資料表結構 `academic`
--

CREATE TABLE `academic` (
  `C_id` int(200) NOT NULL,
  `school_name` varchar(20) NOT NULL,
  `school_degree` varchar(20) NOT NULL,
  `school_department` varchar(50) NOT NULL,
  `GPA` float NOT NULL,
  `school_start_year` year(4) NOT NULL,
  `school_start_month` int(11) NOT NULL,
  `school_end_year` year(4) NOT NULL,
  `school_end_month` int(11) NOT NULL,
  `A_id` int(11) NOT NULL
) ENGINE=InnoDB DEFAULT CHARSET=utf8mb4 COLLATE=utf8mb4_general_ci;

--
-- 傾印資料表的資料 `academic`
--

INSERT INTO `academic` (`C_id`, `school_name`, `school_degree`, `school_department`, `GPA`, `school_start_year`, `school_start_month`, `school_end_year`, `school_end_month`, `A_id`) VALUES
(1, 'NSYSU', 'bachelor', 'department of information management', 3.4, '2012', 9, '2016', 6, 1),
(1, 'NCAU', 'master', 'computer science', 3.6, '2016', 9, '2018', 6, 2),
(2, 'UCC', 'bachelor', 'department of information management', 3.7, '2010', 9, '2014', 6, 3),
(3, 'LU', 'bachelor', 'department of information management', 3.1, '2017', 9, '2022', 6, 4),
(3, 'LU', 'bachelor', 'computer science', 3.6, '2017', 9, '2022', 6, 5),
(4, 'UNIU', 'bachelor', 'computer science', 3.9, '2013', 9, '2017', 6, 6),
(4, 'NSYSU', 'master', 'computer science', 4, '2018', 9, '2021', 6, 7),
(5, 'NSYSU', 'bachelor', 'department of information management', 3.3, '2007', 9, '2011', 6, 8),
(6, 'SFU', 'bachelor', 'department of information management', 3.9, '2016', 9, '2020', 6, 9),
(6, 'SFU', 'master', 'computer science', 3.6, '2021', 9, '2023', 6, 10),
(7, 'SSU', 'bachelor', 'department of electrical engineering', 2.9, '2017', 9, '2021', 6, 11),
(7, 'UCIA', 'master', 'computer science', 3.2, '2021', 9, '2023', 6, 12),
(8, 'VTU', 'bachelor', 'department of information management', 3, '2017', 9, '2022', 6, 13),
(9, 'NSYSU', 'bachelor', 'department of economics', 2.8, '2016', 9, '2020', 6, 14),
(9, 'NSYSU', 'master', 'computer science', 3.4, '2020', 9, '2022', 6, 15),
(10, 'NSYSU', 'bachelor', 'department of information management', 3.5, '2013', 9, '2017', 6, 16),
(10, 'GU', 'master', 'department of information management', 3.5, '2017', 9, '2019', 6, 17),
(10, 'AAU', 'doctor', 'department of information management', 3.7, '2019', 9, '2023', 6, 18),
(11, 'NSYSU', 'bachelor', 'computer science', 3.4, '2014', 9, '2018', 6, 19),
(12, 'NCAU', 'bachelor', 'department of electrical engineering', 3.6, '2015', 9, '2019', 6, 20),
(12, 'NCAU', 'master', 'department of electrical engineering', 3.1, '2019', 9, '2021', 6, 21),
(13, 'GU', 'bachelor', 'department of economics', 3.3, '2018', 9, '2022', 6, 22),
(14, 'NSYSU', 'bachelor', 'computer science', 3.9, '2019', 9, '2023', 6, 23),
(15, 'ABU', 'bachelor', 'computer science', 3.6, '2018', 9, '2023', 6, 24),
(15, 'ABU', 'bachelor', 'department of information management', 3.7, '2018', 9, '2023', 6, 25),
(16, 'NSYSU', 'bachelor', 'computer science', 3.1, '2015', 9, '2019', 6, 26),
(16, 'FBIU', 'master', 'department of information management', 3.8, '2019', 9, '2022', 6, 27),
(17, 'LIU', 'bachelor', 'department of design', 3.4, '2018', 9, '2022', 6, 28),
(18, 'CSIU', 'bachelor', 'department of information management', 3.1, '2014', 9, '2018', 6, 29),
(18, 'CSIU', 'master', 'department of information management', 3.6, '2020', 9, '2023', 6, 30),
(19, 'ABU', 'bachelor', 'computer science', 3.8, '2010', 9, '2014', 6, 31),
(20, 'NSYSU', 'bachelor', 'computer science', 4, '2018', 9, '2022', 6, 32),
(21, 'FBIU', 'bachelor', 'department of information management', 3.8, '2014', 9, '2018', 6, 33),
(22, 'LIU', 'bachelor', 'computer science', 3.5, '2017', 9, '2021', 6, 34),
(22, 'LIU', 'master', 'department of information management', 3.6, '2021', 9, '2023', 6, 35),
(23, 'GU', 'bachelor', 'departmeent of design', 3.7, '2016', 9, '2021', 6, 36),
(24, 'ATU', 'bachelor', 'department of sociology', 3.4, '2017', 9, '2021', 6, 37),
(24, 'NSYSU', 'master', 'computer science', 3.7, '2021', 9, '2023', 6, 38),
(25, 'CAU', 'bachelor', 'department of information management', 3.1, '2016', 9, '2020', 6, 39),
(26, 'ATU', 'bachelor', 'computer science', 3, '2010', 9, '2015', 6, 40),
(27, 'LIU', 'bachelor', 'Mechanical and Electrical Department', 3.8, '2012', 9, '2016', 6, 41),
(28, 'YAU', 'bachelor', 'information management', 3.7, '2013', 9, '2017', 6, 42),
(29, 'UCC', 'bachelor', 'computer science', 2.8, '2015', 9, '2019', 6, 43),
(30, 'UNIU', 'bachelor', 'information management', 3.4, '2014', 9, '2018', 6, 44),
(31, 'UCIA', 'bachelor', 'information management', 3.7, '2008', 9, '2012', 6, 45),
(32, 'VCU', 'bachelor', 'computer science', 3.2, '2017', 9, '2022', 6, 46),
(33, 'TYU', 'bachelor', 'information management', 3.6, '2017', 9, '2021', 6, 47),
(34, 'FGHU', 'bachelor', 'information management', 3.5, '2013', 9, '2017', 6, 48),
(35, 'NSYSU', 'bachelor', 'computer science', 3.4, '2011', 9, '2015', 6, 49),
(36, 'NSYSU', 'bachelor', 'information management', 3.7, '2015', 9, '2019', 6, 50),
(37, 'SFU', 'bachelor', 'Mechanical and Electrical Department', 3.3, '2012', 9, '2017', 6, 51),
(37, 'SFU', 'bachelor', 'computer science', 3.2, '2012', 9, '2017', 6, 52),
(38, 'TYU', 'bachelor', 'information management', 3.7, '2011', 9, '2015', 6, 53),
(38, 'VCU', 'master', 'computer science', 3.8, '2015', 9, '2017', 6, 54),
(38, 'NSYSU', 'PhD', 'computer science', 0, '2017', 9, '2020', 6, 55),
(39, 'CSIU', 'bachelor', 'Department of Electrical Engineering', 3.7, '2009', 9, '2013', 6, 56),
(39, 'CAU', 'master', 'computer science', 3.9, '2013', 9, '2015', 6, 57),
(40, 'YAU', 'bachelor', 'information management', 3.8, '2008', 9, '2012', 6, 58),
(40, 'ABU', 'master', 'Data Science', 3.8, '2012', 9, '2014', 6, 59),
(41, 'CAU', 'bachelor', 'Department of Electrical Engineering', 3.7, '2016', 9, '2020', 6, 60),
(41, 'LIU', 'master', 'Data Science', 3.8, '2020', 9, '2022', 6, 61),
(42, 'UCC', 'bachelor', 'Department of Electrical Engineering', 3.6, '2014', 9, '2018', 6, 62),
(42, 'UCC', 'master', 'Data Science', 3.8, '2018', 9, '2019', 6, 63),
(42, 'UCC', 'PhD', 'computer science', 0, '2019', 9, '2022', 6, 64),
(43, 'NCAU', 'bachelor', 'Department of Electrical Engineering', 3, '2010', 9, '2014', 6, 65),
(43, 'ABU', 'master', 'computer science', 3.4, '2014', 9, '2016', 6, 66),
(44, 'LU', 'bachelor', 'computer science', 3, '2017', 9, '2021', 6, 67),
(44, 'LU', 'master', 'Data Science', 3.6, '2021', 9, '2023', 6, 68),
(45, 'LU', 'bachelor', 'information management', 3.4, '2014', 9, '2018', 6, 69),
(45, 'VCU', 'master', 'Data Science', 3.7, '2018', 9, '2020', 6, 70),
(46, 'NSYSU', 'bachelor', 'computer science', 3.8, '2012', 9, '2016', 6, 71),
(46, 'NSYSU', 'master', 'computer science', 3.6, '2016', 9, '2018', 6, 72),
(46, 'NSYSU', 'PhD', 'computer science', 0, '2018', 9, '2021', 6, 73),
(47, 'CAU', 'bachelor', 'Accounting & Finance', 4, '2008', 9, '2012', 6, 74),
(47, 'CSIU', 'master', 'Data Science', 4, '2012', 9, '2014', 6, 75),
(48, 'SSU', 'bachelor', 'computer science', 3.3, '2016', 9, '2020', 6, 76),
(48, 'SSU', 'master', 'Department of Electrical Engineering', 3.8, '2020', 9, '2021', 6, 77),
(48, 'AAU', 'PhD', 'Department of Electrical Engineering', 0, '2021', 9, '2023', 6, 78),
(49, 'NSYSU', 'bachelor', 'Accounting & Finance', 3.8, '2011', 9, '2015', 6, 79),
(49, 'SSU', 'master', 'Data Science', 3.7, '2015', 9, '2017', 6, 80),
(50, 'AAU', 'bachelor', 'computer science', 3.4, '2015', 9, '2019', 6, 81),
(50, 'AAU', 'master', 'computer science', 3.8, '2019', 9, '2021', 6, 82),
(51, 'NSYSU', 'bachelor', 'department of information management', 3.9, '2019', 9, '2023', 6, 83),
(52, 'UCC', 'bachelor', 'department of information management', 3.8, '2018', 9, '2022', 6, 84),
(53, 'UCC', 'bachelor', 'department of information management', 3.4, '2019', 9, '2023', 6, 85),
(54, 'ATU', 'bachelor', 'Finance', 3.5, '2017', 9, '2021', 6, 86),
(55, 'UCIA', 'bachelor', 'Soware Engineering', 3.5, '2013', 9, '2017', 6, 87),
(55, 'FBIU', 'master', 'computer science', 3.9, '2017', 9, '2019', 6, 88),
(56, 'ABU', 'bachelor', 'department of information management', 2.9, '2016', 9, '2020', 6, 89),
(56, 'FBIU', 'master', 'computer science', 3.6, '2021', 9, '2023', 6, 90),
(57, 'NSYSU', 'bachelor', 'department of information management', 4, '2017', 9, '2021', 6, 91),
(57, 'NSYSU', 'master', 'department of information management', 3.8, '2021', 9, '2023', 6, 92),
(58, 'NCAU', 'bachelor', 'Data Science', 2.9, '2012', 9, '2016', 6, 93),
(58, 'FBIU', 'master', 'Data Science', 3.1, '2016', 9, '2019', 6, 94),
(59, 'NCAU', 'bachelor', 'computer science', 3.9, '2018', 9, '2022', 6, 95),
(60, 'LU', 'bachelor', 'department of information management', 3.6, '2017', 9, '2021', 6, 96),
(61, 'YAU', 'bachelor', 'Data Science', 3.6, '2018', 9, '2022', 6, 97),
(62, 'LU', 'bachelor', 'department of information management', 3.6, '2017', 9, '2021', 6, 98),
(62, 'NCAU', 'master', 'computer science', 3.5, '2021', 9, '2023', 6, 99),
(63, 'NSYSU', 'bachelor', 'department of information management', 2.8, '2014', 9, '2018', 6, 100),
(63, 'YAU', 'master', 'Data Science', 3.8, '2018', 9, '2020', 6, 101),
(64, 'NCAU', 'bachelor', 'Data Science', 3.1, '2018', 9, '2022', 6, 102),
(64, 'SSU', 'master', 'Data Science', 3.8, '2018', 9, '2022', 6, 103),
(65, 'NCAU', 'bachelor', 'department of information management', 3.6, '2015', 9, '2019', 6, 104),
(65, 'NCAU', 'master', 'computer science', 3.2, '2019', 9, '2021', 6, 105),
(66, 'GU', 'bachelor', 'computer science', 3.9, '2016', 9, '2020', 6, 106),
(66, 'VTU', 'master', 'computer science', 3.2, '2020', 9, '2022', 6, 107),
(67, 'SSU', 'bachelor', 'computer science', 2.9, '2013', 9, '2017', 6, 108),
(67, 'VCU', 'master', 'Data Science', 3.9, '2017', 9, '2019', 6, 109),
(67, 'GU', 'doctor', 'Data Science', 3.7, '2019', 9, '2022', 6, 110),
(68, 'NSYSU', 'bachelor', 'department of information management', 3.5, '2016', 9, '2020', 6, 111),
(68, 'NSYSU', 'bachelor', 'Finance', 3.5, '2016', 9, '2020', 6, 112),
(69, 'CAU', 'master', 'department of information management', 3.3, '2013', 9, '2017', 6, 113),
(70, 'LIU', 'bachelor', 'Finance', 3.8, '2014', 9, '2018', 6, 114),
(70, 'NSYSU', 'master', 'department of information management', 3.4, '2018', 9, '2020', 6, 115),
(71, 'GU', 'bachelor', 'computer science', 2.9, '2017', 9, '2021', 6, 116),
(72, 'UNIU', 'bachelor', 'department of information management', 3.9, '2015', 9, '2019', 6, 117),
(73, 'LIU', 'bachelor', 'computer science', 3.6, '2009', 9, '2013', 6, 118),
(74, 'NSYSU', 'bachelor', 'department of information management', 3.9, '2016', 9, '2020', 6, 119),
(75, 'LIU', 'bachelor', 'department of information management', 3.4, '2008', 9, '2012', 6, 120),
(76, 'OTDU', 'bachelor', 'Computer Science', 3.6, '2014', 9, '2018', 6, 121),
(77, 'QWEU', 'bachelor', 'department of information management', 2.9, '2013', 9, '2017', 6, 122),
(78, 'ERTU', 'bachelor', 'department of information management', 3.2, '2016', 9, '2021', 6, 123),
(78, 'FGHU', 'bachelor', 'computer science', 3, '2016', 9, '2021', 6, 124),
(79, 'BNMU', 'bachelor', 'computer science', 0, '2010', 9, '2014', 6, 125),
(79, 'NSYSU', 'master', 'computer science', 3.4, '2014', 9, '2017', 6, 126),
(80, 'NSYSU', 'bachelor', 'department of information management', 3.5, '2015', 9, '2019', 6, 127),
(81, 'DFGU', 'bachelor', 'department of information management', 3.5, '2012', 9, '2016', 6, 128),
(81, 'CVBU', 'master', 'computer science', 3.7, '2016', 9, '2018', 6, 129),
(82, 'ZXCU', 'bachelor', 'department of electrical engineering', 3.4, '2019', 9, '2023', 6, 130),
(83, 'TYU', 'bachelor', 'department of information management', 3.6, '2015', 9, '2019', 6, 131),
(84, 'NSYSU', 'bachelor', 'department of economics', 0, '2018', 9, '2022', 6, 132),
(85, 'NSYSU', 'bachelor', 'department of information management', 3.3, '2011', 9, '2015', 6, 133),
(85, 'QWEU', 'master', 'department of information management', 3.9, '2015', 9, '2017', 6, 134),
(85, 'ERTU', 'doctor', 'department of information management', 3.6, '2017', 9, '2021', 6, 135),
(86, 'NSYSU', 'bachelor', 'computer science', 3.7, '2015', 9, '2019', 6, 136),
(87, 'ZXCU', 'bachelor', 'department of electrical engineering', 3.1, '2010', 9, '2014', 6, 137),
(87, 'ZXCU', 'master', 'department of electrical engineering', 3.8, '2014', 9, '2017', 6, 138),
(88, 'ERTU', 'bachelor', 'department of economics', 0, '2016', 9, '2020', 6, 139),
(89, 'NSYSU', 'bachelor', 'computer science', 3.1, '2016', 9, '2020', 6, 140),
(90, 'TYU', 'bachelor', 'computer science', 3.6, '2013', 9, '2018', 6, 141),
(90, 'TYU', 'bachelor', 'department of information management', 3.8, '2013', 9, '2018', 6, 142),
(91, 'NSYSU', 'bachelor', 'computer science', 4, '2018', 9, '2022', 6, 143),
(92, 'TYU', 'bachelor', 'department of design', 3.8, '2015', 9, '2019', 6, 144),
(93, 'QWEU', 'bachelor', 'department of information management', 3.5, '2010', 9, '2014', 6, 145),
(93, 'QWEU', 'master', 'department of information management', 3.6, '2015', 9, '2017', 6, 146),
(94, 'TYU', 'bachelor', 'computer science', 2.7, '2013', 9, '2017', 6, 147),
(95, 'NSYSU', 'bachelor', 'computer science', 3.5, '2016', 9, '2020', 6, 148),
(96, 'ERTU', 'bachelor', 'department of information management', 3.2, '2011', 9, '2015', 6, 149),
(97, 'ZXCU', 'bachelor', 'computer science', 3.4, '2013', 9, '2017', 6, 150),
(97, 'ZXCU', 'master', 'department of information management', 2.8, '2017', 9, '2019', 6, 151),
(98, 'TYU', 'bachelor', 'departmeent of design', 2.4, '2017', 9, '2021', 6, 152),
(99, 'ERTU', 'bachelor', 'department of sociology', 3.8, '2012', 9, '2016', 6, 153),
(99, 'NSYSU', 'master', 'computer science', 3.9, '2016', 9, '2018', 6, 154),
(100, 'FGHU', 'bachelor', 'department of information management', 3, '2015', 9, '2019', 6, 155),
(102, 'UCC', 'bachelor', 'information management', 4, '2017', 9, '2021', 6, 156),
(102, 'UCC', 'master', 'information management', 3.8, '2020', 9, '2022', 6, 157),
(103, 'VCU', 'bachelor', 'Data Science', 3.3, '2018', 9, '2022', 6, 158),
(104, 'NCAU', 'bachelor', 'Computer Science', 2.9, '2019', 9, '2023', 6, 159),
(105, 'NCAU', 'bachelor', 'information management', 3.9, '2016', 9, '2020', 6, 160),
(105, 'NSYSU', 'master', 'Computer Science', 3.4, '2020', 9, '2023', 6, 161),
(106, 'SFU', 'bachelor', 'information management', 4, '2015', 9, '2019', 6, 162),
(106, 'NSYSU', 'master', 'information management', 3.6, '2019', 9, '2021', 6, 163),
(106, 'NSYSU', 'doctor', 'information management', 3.7, '2021', 9, '2023', 6, 164),
(107, 'CAU', 'bachelor', 'Computer Science', 3.2, '2019', 9, '2023', 6, 165),
(108, 'NCAU', 'bachelor', 'Data Science', 2.8, '2019', 9, '2023', 6, 166),
(109, 'VTU', 'bachelor', 'Data Science', 3.5, '2015', 9, '2019', 6, 167),
(109, 'VTU', 'master', 'Data Science', 3.4, '2019', 9, '2021', 6, 168),
(110, 'UCC', 'bachelor', 'information management', 2.9, '2014', 9, '2018', 6, 169),
(111, 'UCC', 'bachelor', 'information management', 3, '2014', 9, '2018', 6, 170),
(112, 'NSYSU', 'bachelor', 'Computer Science', 3.1, '2000', 9, '2022', 6, 171),
(113, 'NSYSU', 'bachelor', 'information management', 3.4, '2012', 9, '2016', 6, 172),
(113, 'NSYSU', 'master', 'information management', 3.2, '2016', 9, '2018', 6, 173),
(114, 'YAU', 'bachelor', 'Marketing', 4, '2013', 9, '2017', 6, 174),
(115, 'UCC', 'bachelor', 'Data Science', 3.1, '2019', 9, '2023', 6, 175),
(116, 'NCAU', 'bachelor', 'information management', 3.8, '2009', 9, '2013', 6, 176),
(116, 'NCAU', 'bachelor', 'Accounting & Finance', 4, '2009', 9, '2013', 6, 177),
(117, 'AAU', 'bachelor', 'information management', 3.4, '2019', 9, '2023', 6, 178),
(118, 'AAU', 'bachelor', 'information management', 2.6, '2019', 9, '2023', 6, 179),
(119, 'YAU', 'bachelor', 'Computer Science', 3.4, '2009', 9, '2013', 6, 180),
(119, 'NSYSU', 'master', 'Accounting & Finance', 4, '2013', 9, '2015', 6, 181),
(120, 'UCC', 'bachelor', 'information management', 3.5, '2015', 9, '2019', 6, 182),
(120, 'AAU', 'master', 'information management', 3.8, '2020', 9, '2022', 6, 183),
(121, 'NSYSU', 'bachelor', 'Computer Science', 2.7, '2009', 9, '2013', 6, 184),
(122, 'LU', 'bachelor', 'Computer Science', 3.5, '2010', 9, '2014', 6, 185),
(122, 'LU', 'master', 'information management', 3.2, '2014', 9, '2016', 6, 186),
(122, 'NSYSU', 'doctor', 'information management', 3.4, '2020', 9, '2023', 6, 187),
(123, 'LU', 'bachelor', 'information management', 2.8, '2019', 9, '2023', 6, 188),
(124, 'VCU', 'bachelor', 'Data Science', 2.4, '2018', 9, '2022', 6, 189),
(125, 'SSU', 'bachelor', 'information management', 3.8, '2019', 9, '2023', 6, 190),
(126, 'NSYSU', 'bachelor', 'information management', 3.9, '2019', 9, '2023', 6, 191),
(126, 'NSYSU', 'bachelor', 'applied mathematics', 3.4, '2019', 9, '2023', 6, 192),
(127, 'ATU', 'bachelor', 'information management', 4, '2019', 9, '2023', 6, 193),
(127, 'ATU', 'bachelor', 'information management', 3.6, '2019', 9, '2023', 6, 194),
(128, 'ABU', 'bachelor', 'computer science', 3.7, '2019', 9, '2023', 6, 195),
(129, 'NSYSU', 'bachelor', 'information management', 3.9, '2019', 9, '2023', 6, 196),
(130, 'NSYSU', 'bachelor', 'electrical engineering', 3.3, '2019', 9, '2023', 6, 197),
(131, 'CAU', 'bachelor', 'computer science', 3.5, '2017', 9, '2021', 6, 198),
(131, 'GU', 'master', 'computer science', 3.1, '2021', 9, '2023', 6, 199),
(132, 'LU', 'bachelor', 'information management', 3.2, '2017', 9, '2021', 6, 200),
(132, 'LU', 'master', 'computer science', 3.8, '2021', 9, '2023', 6, 201),
(133, 'AAU', 'bachelor', 'computer science', 3.7, '2017', 9, '2021', 6, 202),
(133, 'ATU', 'master', 'information management', 3.9, '2021', 9, '2023', 6, 203),
(134, 'SSU', 'bachelor', 'information management', 3.3, '2017', 9, '2021', 6, 204),
(134, 'CSIU', 'master', 'information management', 3.5, '2021', 9, '2023', 6, 205),
(135, 'LU', 'bachelor', 'information management', 3.1, '2017', 9, '2021', 6, 206),
(135, 'NSYSU', 'master', 'information management', 3.7, '2021', 9, '2023', 6, 207),
(136, 'NCAU', 'bachelor', 'library information science', 3.9, '2017', 9, '2021', 6, 208),
(136, 'NCAU', 'bachelor', 'computer science', 3.3, '2017', 9, '2021', 6, 209),
(136, 'NCAU', 'master', 'computer science', 3.5, '2021', 9, '2023', 6, 210),
(137, 'NSYSU', 'bachelor', 'information management', 3.9, '2016', 9, '2021', 6, 211),
(137, 'NSYSU', 'master', 'information management', 3.7, '2021', 9, '2023', 6, 212),
(138, 'UCC', 'bachelor', 'computer science', 3.9, '2013', 9, '2017', 6, 213),
(138, 'UCC', 'master', 'information management', 3.7, '2017', 9, '2019', 6, 214),
(138, 'NSYSU', 'doctor', 'information management', 3.5, '2019', 9, '2023', 6, 215),
(139, 'NSYSU', 'bachelor', 'information management', 3.1, '2018', 9, '2022', 6, 216),
(140, 'NCAU', 'bachelor', 'computer science', 2.2, '2017', 9, '2021', 6, 217),
(141, 'VTU', 'bachelor', 'information management', 3.5, '2016', 9, '2020', 6, 218),
(141, 'VTU', 'master', 'information management', 3.9, '2020', 9, '2022', 6, 219),
(142, 'UCIA', 'bachelor', 'information management', 3.7, '2015', 9, '2019', 6, 220),
(142, 'UCIA', 'master', 'information management', 3.9, '2019', 9, '2021', 6, 221),
(143, 'SSU', 'bachelor', 'information management', 3.7, '2015', 9, '2019', 6, 222),
(144, 'SSU', 'bachelor', 'electrical engineering', 3.5, '2014', 9, '2018', 6, 223),
(144, 'UCIA', 'master', 'information management', 3.1, '2018', 9, '2020', 6, 224),
(145, 'ABU', 'bachelor', 'computer science', 3.7, '2014', 9, '2018', 6, 225),
(145, 'ABU', 'master', 'information management', 3.9, '2018', 9, '2020', 6, 226),
(146, 'SFU', 'bachelor', 'mechanical engineering', 3.7, '2013', 9, '2018', 6, 227),
(147, 'SFU', 'bachelor', 'information management', 4, '2012', 9, '2016', 6, 228),
(147, 'ATU', 'master', 'information management', 3, '2016', 9, '2018', 6, 229),
(148, 'NSYSU', 'bachelor', 'information management', 3.9, '2011', 9, '2015', 6, 230),
(148, 'NSYSU', 'master', 'computer science', 3.7, '2015', 9, '2017', 6, 231),
(149, 'SSU', 'bachelor', 'information management', 2.9, '2008', 9, '2012', 6, 232),
(150, 'CAU', 'bachelor', 'information management', 3.7, '2007', 9, '2011', 6, 233),
(150, 'NSYSU', 'master', 'information management', 3.5, '2011', 9, '2013', 6, 234),
(151, 'VTU', 'bachelor', 'Computer Science', 0, '2010', 9, '2014', 6, 235),
(152, 'SSU', 'bachelor', 'Marketing', 0, '2010', 9, '2014', 6, 236),
(153, 'NSYSU', 'bachelor', 'Computer Science', 0, '2017', 9, '2021', 6, 237),
(154, 'SFU', 'bachelor', 'Finance', 0, '2013', 9, '2017', 6, 238),
(155, 'LU', 'bachelor', 'Sales and Marketing', 0, '2010', 9, '2014', 6, 239),
(156, 'ABU', 'bachelor', 'Graphic Design', 0, '2018', 9, '2022', 6, 240),
(157, 'ABU', 'bachelor', 'Psychology', 0, '2012', 9, '2016', 6, 241),
(158, 'NSYSU', 'bachelor', 'Computer Science', 0, '2008', 9, '2012', 6, 242),
(158, 'NSYSU', 'master', 'Computer Science', 0, '2012', 9, '2014', 6, 243),
(159, 'NCAU', 'bachelor', 'Marketing', 0, '2015', 9, '2019', 6, 244),
(160, 'VTU', 'bachelor', 'Computer Science', 0, '2008', 9, '2012', 6, 245),
(161, 'VTU', 'bachelor', 'Marketing', 0, '2013', 9, '2017', 6, 246),
(162, 'LU', 'bachelor', 'Computer Science', 0, '2010', 9, '2014', 6, 247),
(163, 'NCAU', 'bachelor', 'English Literature', 0, '2013', 9, '2017', 6, 248),
(164, 'UCC', 'bachelor', 'Data Science', 0, '2010', 9, '2014', 6, 249),
(164, 'UCC', 'master', 'Data Science', 0, '2014', 9, '2016', 6, 250),
(165, 'NSYSU', 'bachelor', 'Marketing', 0, '2010', 9, '2014', 6, 251),
(166, 'NSYSU', 'bachelor', 'Soware Engineering', 0, '2006', 9, '2010', 6, 252),
(167, 'SFU', 'bachelor', 'Graphic Design', 0, '2014', 9, '2018', 6, 253),
(168, 'UCC', 'bachelor', 'Finance', 0, '2008', 9, '2012', 6, 254),
(169, 'SSU', 'bachelor', 'Project Management', 0, '2013', 9, '2017', 6, 255),
(170, 'NSYSU', 'bachelor', 'Marketing', 0, '2011', 9, '2015', 6, 256),
(171, 'ABU', 'bachelor', 'Human Resources Management', 0, '2009', 9, '2013', 6, 257),
(172, 'ABU', 'bachelor', 'computer science', 0, '2010', 9, '2014', 6, 258),
(173, 'NSYSU', 'bachelor', 'computer science', 0, '2018', 9, '2022', 6, 259),
(174, 'FBIU', 'bachelor', 'department of information management', 0, '2014', 9, '2018', 6, 260),
(175, 'LIU', 'bachelor', 'computer science', 0, '2017', 9, '2021', 6, 261),
(176, 'NSYSU', 'bachelor', 'information management', 0, '2018', 9, '2022', 6, 262),
(177, 'NSYSU', 'bachelor', 'information management', 3.5, '2005', 9, '2009', 6, 263),
(177, 'NSYSU', 'master', 'computer science', 3.5, '2009', 9, '2011', 6, 264),
(177, 'NSYSU', 'doctor', 'Data Science', 3.7, '2011', 9, '2013', 6, 265),
(178, 'ATU', 'bachelor', 'Computer Science', 3.4, '2008', 9, '2012', 6, 266),
(178, 'NSYSU', 'master', 'information management', 3.6, '2012', 9, '2014', 6, 267),
(178, 'UCC', 'doctor', 'computer science', 3.1, '2014', 9, '2016', 6, 268),
(179, 'NSYSU', 'bachelor', 'information management', 3.2, '2011', 9, '2014', 6, 269),
(179, 'ATU', 'master', 'information management', 3.4, '2015', 9, '2017', 6, 270),
(179, 'UCIA', 'doctor', 'information management', 2.8, '2017', 9, '2019', 6, 271),
(180, 'UCC', 'bachelor', 'computer science', 2.4, '2007', 9, '2011', 6, 272),
(180, 'UCC', 'master', 'Data Science', 3.5, '2011', 9, '2013', 6, 273),
(181, 'ATU', 'bachelor', 'department of electrical engineering', 3.5, '2010', 9, '2014', 6, 274),
(181, 'UCC', 'master', 'department of electrical engineering', 3.7, '2014', 9, '2016', 6, 275),
(182, 'FBIU', 'bachelor', 'computer science', 3.4, '2007', 9, '2011', 6, 276),
(182, 'VTU', 'master', 'Human Resources Management', 3.6, '2011', 9, '2013', 6, 277),
(183, 'UCC', 'bachelor', 'information management', 3.1, '2009', 9, '2013', 6, 278),
(183, 'NSYSU', 'master', 'computer science', 3.4, '2013', 9, '2015', 6, 279),
(184, 'ATU', 'bachelor', 'department of electrical engineering', 3.6, '2006', 9, '2010', 6, 280),
(184, 'UCC', 'master', 'computer science', 3.1, '2010', 9, '2012', 6, 281),
(185, 'NSYSU', 'bachelor', 'department of electrical engineering', 2.7, '2012', 9, '2016', 6, 282),
(185, 'YAU', 'master', 'information management', 3.8, '2016', 9, '2018', 6, 283),
(186, 'UCC', 'bachelor', 'Data Science', 4, '2013', 9, '2017', 6, 284),
(186, 'NSYSU', 'master', 'information management', 3.8, '2017', 9, '2019', 6, 285),
(187, 'ATU', 'bachelor', 'computer science', 3.5, '2010', 9, '2014', 6, 286),
(187, 'LIU', 'master', 'information management', 3.6, '2014', 9, '2016', 6, 287),
(188, 'LIU', 'bachelor', 'Data Science', 2.7, '2003', 9, '2007', 6, 288),
(188, 'OLU', 'master', 'Computer Science', 3.5, '2007', 9, '2009', 6, 289),
(189, 'UCC', 'bachelor', 'Data Science', 3.2, '2015', 9, '2019', 6, 290),
(190, 'NSYSU', 'bachelor', 'Data Science', 3.4, '2016', 9, '2020', 6, 291),
(191, 'ATU', 'bachelor', 'information management', 2.8, '2017', 9, '2021', 6, 292),
(192, 'SSU', 'bachelor', 'Finance', 3.4, '2007', 9, '2011', 6, 293),
(193, 'UCC', 'bachelor', 'computer science', 3.6, '2001', 9, '2005', 6, 294),
(194, 'UNIU', 'bachelor', 'information management', 3.1, '2000', 9, '2004', 6, 295),
(195, 'NSYSU', 'bachelor', 'computer science', 3.4, '2009', 9, '2013', 6, 296),
(196, 'ATU', 'bachelor', 'Human Resources Management', 3.6, '2017', 9, '2021', 6, 297),
(197, 'GU', 'bachelor', 'information management', 3.1, '2018', 9, '2022', 6, 298),
(198, 'UCC', 'bachelor', 'computer science', 3.5, '2013', 9, '2017', 6, 299),
(199, 'ATU', 'bachelor', 'information management', 3.3, '2014', 9, '2018', 6, 300),
(200, 'ATU', 'bachelor', 'computer science', 3.8, '1982', 9, '1986', 6, 301),
(201, 'NSYSU', 'bachelor', 'computer science', 3.4, '2010', 9, '2014', 6, 302),
(101, 'CSIU', 'bachelor', 'Computer Science', 3.6, '2018', 9, '2022', 6, 303);

-- --------------------------------------------------------

--
-- 資料表結構 `basic_information`
--

CREATE TABLE `basic_information` (
  `C_id` int(10) NOT NULL,
  `C_name` varchar(32) NOT NULL,
  `C_address` varchar(20) NOT NULL,
  `C_phone` varchar(15) NOT NULL,
  `C_email` varchar(20) NOT NULL,
  `C_birthdate` date NOT NULL,
  `C_age` int(11) NOT NULL,
  `C_gender` varchar(10) NOT NULL,
  `C_nationality` varchar(20) NOT NULL,
  `C_photo` varchar(100) NOT NULL,
  `C_pdf` varchar(100) NOT NULL,
  `C_website` varchar(100) NOT NULL,
  `C_introduce` varchar(1000) NOT NULL
) ENGINE=InnoDB DEFAULT CHARSET=utf8mb4 COLLATE=utf8mb4_general_ci;

--
-- 傾印資料表的資料 `basic_information`
--

INSERT INTO `basic_information` (`C_id`, `C_name`, `C_address`, `C_phone`, `C_email`, `C_birthdate`, `C_age`, `C_gender`, `C_nationality`, `C_photo`, `C_pdf`, `C_website`, `C_introduce`) VALUES
(1, 'John Qiu', 'Kaohsiung', '0901-020-304', 'abc@gmail.com', '0000-00-00', 27, 'Male', 'Taiwan', '104.jpg', '', '', ''),
(2, 'Den Chen', 'Kaohsiung', '0912-555-444', 'sdsdfs@gmail.com', '0000-00-00', 30, 'Male', 'Taiwan', '102.jpg', '', '', ''),
(3, 'Sam Tai', 'Taichung', ' 0900-441-144', 'asdasr@gmail.com', '0000-00-00', 24, 'Male', 'Taiwan', '101.jpg', '', '', ''),
(4, 'Sally Lin', 'Taichung', '0912-174-748', 'asdafqw@gmail.com', '0000-00-00', 29, 'Female', 'Taiwan', '204.jpg', '', '', ''),
(5, 'Denny Koh', 'Taipei', '0932-000-110', 'qertea@gmail.com', '0000-00-00', 34, 'Male', 'Taiwan', '106.jpg', '', '', ''),
(6, 'John Koh', 'Taipei', '0947-133-233', 'pkrqef@gmail.com', '0000-00-00', 26, 'Male', 'Taiwan', '101.jpg', '', '', ''),
(7, 'Amy Wu', 'Taipei', '0984-489-987', 'etjegw@gmail.com', '0000-00-00', 24, 'Female', 'Taiwan', '204.jpg', '', '', ''),
(8, 'Ben Lee', 'Miaoli', '0988-111-333', 'weqa566@gmail.com', '0000-00-00', 24, 'Male', 'Taiwan', '107.jpg', '', '', ''),
(9, 'Ree Lin ', 'Nantou', '0912-783-129', 'pkowfq@gmail.com', '0000-00-00', 25, 'Male', 'Taiwan', '106.jpg', '', '', ''),
(10, 'Han Chen', 'Nantou', '0922-491-785', 'p56asq@gmail.com', '0000-00-00', 28, 'Male', 'Taiwan', '103.jpg', '', '', ''),
(11, 'Dick Qiu', 'Keelung', '0963-456-999', 'pafqa@gmail.com', '0000-00-00', 27, 'Male', 'Taiwan', '103.jpg', '', '', ''),
(12, 'Amber Lin', 'Keelung', '0999-888-999', 'wrogpw@gmail.com', '0000-00-00', 27, 'Female', 'Taiwan', '201.jpg', '', '', ''),
(13, 'Cindy Lo', 'Taipei', '0923-155-666', '654qaw@gmail.com', '0000-00-00', 24, 'Female', 'Taiwan', '206.jpg', '', '', ''),
(14, 'Nemo Lee', 'Xinbei', '0948-168-748', '9qwq89@gmail.com', '0000-00-00', 22, 'Male', 'Taiwan', '104.jpg', '', '', ''),
(15, 'Nick Wu', 'Taipei', '0939-564-155', 'wsfklal@gmail.com', '0000-00-00', 23, 'Male', 'Taiwan', '101.jpg', '', '', ''),
(16, 'Kerty Qiu', 'Taichung', '0919-646-464', 'peqwli@gmail.com', '0000-00-00', 26, 'Female', 'Taiwan', '203.jpg', '', '', ''),
(17, 'Coco Lo', 'Keelung', '0966-562-123', 'pqafg@gmail.com', '0000-00-00', 23, 'Female', 'Taiwan', '207.jpg', '', '', ''),
(18, 'Denny Wu', 'Taichung', '0948-789-321', '8wefw@gmail.com', '0000-00-00', 27, 'Male', 'Taiwan', '101.jpg', '', '', ''),
(19, 'Lily Lee', 'Kaohsioung', '0946-561-780', 'pq415@gmail.com', '0000-00-00', 31, 'Female', 'Taiwan', '204.jpg', '', '', ''),
(20, 'Lala Lee', 'Nantou', '0956-229-789', 'pqfasd@gmail.com', '0000-00-00', 23, 'Female', 'Taiwan', '204.jpg', '', '', ''),
(21, 'Den Lin ', 'Miaoli', '0936-461-851', 'qfips@gmail.com', '0000-00-00', 27, 'Male', 'Taiwan', '102.jpg', '', '', ''),
(22, 'Ray Chen', 'Keelung', '0948-531-791', 'wassdf@gmail.com', '0000-00-00', 24, 'Male', 'Taiwan', '107.jpg', '', '', ''),
(23, 'Roy Lin ', 'Taichung', '0943-784-239', 'aleop@gmail.com', '0000-00-00', 25, 'Male', 'Taiwan', '107.jpg', '', '', ''),
(24, 'Sammy Chen', 'Xinbei', '0912-111-459', 'padkq@gmail.com', '0000-00-00', 24, 'Female', 'Taiwan', '205.jpg', '', '', ''),
(25, 'Cindy Liu', 'Taichung', '0978-491-538', 'wwpad@gmail.com', '0000-00-00', 25, 'Female', 'Taiwan', '201.jpg', '', '', ''),
(26, 'John Smith', 'Taipei', '0918-812-760', 'johnsmith@example.co', '0000-00-00', 31, 'Male', 'USA', '102.jpg', '', '', ''),
(27, 'Emily Lee', 'Kaohsiung', '0923-456-789', 'emilylee@example.com', '0000-00-00', 30, 'Female', 'Taiwan', '203.jpg', '', '', ''),
(28, 'David Chen', 'Taichung', '0934-567-890', 'davidchen@example.co', '0000-00-00', 32, 'Male', 'Taiwan', '105.jpg', '', '', ''),
(29, 'Lisa Wang', 'Tainan', '0945-678-901', 'lisawang@example.com', '0000-00-00', 26, 'Female', 'Taiwan', '203.jpg', '', '', ''),
(30, 'Michael Lin', 'Taipei', '0956-789-012', 'michaellin@example.c', '0000-00-00', 28, 'Male', 'Taiwan', '101.jpg', '', '', ''),
(31, 'Sarah Liu', 'Kaohsiung', '0967-890-123', 'sarahliu@example.com', '0000-00-00', 33, 'Female', 'Taiwan', '203.jpg', '', '', ''),
(32, 'Kevin Wu', 'Taichung', '0978-901-234', 'kevinwu@example.com', '0000-00-00', 24, 'Male', 'Taiwan', '101.jpg', '', '', ''),
(33, 'Jessica Ho', 'Tainan', '0989-012-345', 'jessicaho@example.co', '0000-00-00', 25, 'Female', 'Taiwan', '206.jpg', '', '', ''),
(34, 'Brian Chang', 'Taipei', '0990-123-456', 'brianchang@example.c', '0000-00-00', 29, 'Male', 'Taiwan', '107.jpg', '', '', ''),
(35, 'Alice Wang', 'Kaohsiung', '0912-345-678', 'alicewang@example.co', '0000-00-00', 31, 'Female', 'Germany', '201.jpg', '', '', ''),
(36, 'Andrew Lin', 'Taichung', '0923-456-789', 'andrewlin@example.co', '0000-00-00', 27, 'Male', 'Taiwan', '102.jpg', '', '', ''),
(37, 'Michelle Wu', 'Tainan', '0934-567-890', 'michellewu@example.c', '0000-00-00', 30, 'Female', 'Taiwan', '204.jpg', '', '', ''),
(38, 'William Hu', 'Taipei', '0945-678-901', 'williamhu@example.co', '0000-00-00', 26, 'Male', 'Taiwan', '102.jpg', '', '', ''),
(39, 'Sophia Liu', 'Kaohsiung', '0956-789-012', 'sophialiu@example.co', '0000-00-00', 32, 'Female', 'Taiwan', '206.jpg', '', '', ''),
(40, 'Daniel Chen', 'Taichung', '0967-890-123', 'danielchen@example.c', '0000-00-00', 33, 'Male', 'Taiwan', '103.jpg', '', '', ''),
(41, 'Olivia Ko', 'Tainan', '0978-901-234', 'oliviako@example.com', '0000-00-00', 25, 'Female', 'USA', '201.jpg', '', '', ''),
(42, 'Ethan Wang', 'Taipei', '0989-012-345', 'ethanwang@example.co', '0000-00-00', 27, 'Male', 'Taiwan', '106.jpg', '', '', ''),
(43, 'Natalie Wu', 'Kaohsiung', '0990-123-456', 'nataliewu@example.co', '0000-00-00', 31, 'Female', 'Taiwan', '206.jpg', '', '', ''),
(44, 'Jason Liu', 'Taichung', '0912-345-678', 'jasonliu@example.com', '0000-00-00', 24, 'Male', 'Taiwan', '103.jpg', '', '', ''),
(45, 'Lily Chen', 'Tainan', '0923-456-789', 'lilychen@example.com', '0000-00-00', 27, 'Female', 'Russia', '204.jpg', '', '', ''),
(46, 'Alex Ho', 'Taipei', '0934-567-890', 'alexho@example.com', '0000-00-00', 29, 'Male', 'Taiwan', '105.jpg', '', '', ''),
(47, 'Grace Lin', 'Kaohsiung', '0945-678-901', 'gracelin@example.com', '0000-00-00', 33, 'Female', 'Taiwan', '206.jpg', '', '', ''),
(48, 'Ryan Wu', 'Taichung', '0956-789-012', 'ryanwu@example.com', '0000-00-00', 25, 'Male', 'Taiwan', '105.jpg', '', '', ''),
(49, 'Emma Wang', 'Tainan', '0967-890-123', 'emmawang@example.com', '0000-00-00', 30, 'Female', 'Taiwan', '203.jpg', '', '', ''),
(50, 'Max Chen', 'Taipei', '0978-901-234', 'maxchen@example.com', '0000-00-00', 26, 'Male', 'Taiwan', '102.jpg', '', '', ''),
(51, 'CAROLINE Chen', 'Miaoli', '0986-956-785', 'AwKQAmUy@gmail.com', '0000-00-00', 22, 'Male', 'Taiwan', '106.jpg', '', '', ''),
(52, 'CORBIN Chen', 'Keelung', '0986-946-741', 'mIwB2afwxuMTE@gmail.', '0000-00-00', 23, 'Female', 'Taiwan', '201.jpg', '', '', ''),
(53, 'MATILDA  Chen', 'Taichung', '0986-934-321', 'VskCdfgSyEK@gmail.co', '0000-00-00', 22, 'Male', 'Taiwan', '107.jpg', '', '', ''),
(54, 'NEIL Chen', 'Changhua', '0986-457-323', 'ud7xwMHSiOIz@gmail.c', '0000-00-00', 24, 'Male', 'Taiwan', '101.jpg', '', '', ''),
(55, 'SUSAN Chen', 'Tainan', '0986-984-429', 'oNRTG715@gmail.com', '0000-00-00', 28, 'Male', 'Taiwan', '104.jpg', '', '', ''),
(56, 'GRACE Chen', 'Pingtung', '0975-344-321', 'P6ATORh3TxmvM@gmail.', '0000-00-00', 25, 'Female', 'Taiwan', '205.jpg', '', '', ''),
(57, 'ALANNA Lin', 'Tainan', '0986-956-754', 'hy6Kchlnbie@gmail.co', '0000-00-00', 24, 'Male', 'Taiwan', '107.jpg', '', '', ''),
(58, 'TATIANA Lin', 'Kaohsiung', '0986-936-472', 'kUowbcfy3@gmail.com', '0000-00-00', 29, 'Female', 'Taiwan', '202.jpg', '', '', ''),
(59, 'AURORA Lin', 'Taichung', '0986-654-125', 'YrYRa2U97o@gmail.com', '0000-00-00', 23, 'Male', 'Taiwan', '101.jpg', '', '', ''),
(60, 'DAXTON Lin       ', 'Keelung', '0986-123-736', 'ORXqrhi2fkKn@gmail.c', '0000-00-00', 24, 'Male', 'Taiwan', '103.jpg', '', '', ''),
(61, 'NELLIE Lin', 'Yilan', '0978-456-550', 'UIlVpMDPIz@gmail.com', '0000-00-00', 23, 'Male', 'Taiwan', '104.jpg', '', '', ''),
(62, 'LYDIA Lin', 'Chiayi', '0986-009-458', 'zNiJM873dh1r@gmail.c', '0000-00-00', 24, 'Male', 'Taiwan', '107.jpg', '', '', ''),
(63, 'Richard Chen', 'Kaohsiung', '0965-344-751', 'yMljYUeeAEo@gmail.co', '0000-00-00', 27, 'Female', 'Taiwan', '202.jpg', '', '', ''),
(64, 'HECTOR Wu  ', 'Kaohsiung', '0978-909-324', 'EHTlEdJefbSup@gmail.', '0000-00-00', 23, 'Male', 'Taiwan', '102.jpg', '', '', ''),
(65, 'FORREST Wu', 'Tainan', '0933-946-345', 'd9Bc713397e1Y@gmail.', '0000-00-00', 26, 'Male', 'Taiwan', '107.jpg', '', '', ''),
(66, 'WILLIAM Wu', 'Hsinchu', '0985-923-776', 'zxIhMB0a0@gmail.com', '0000-00-00', 25, 'Male', 'Taiwan', '104.jpg', '', '', ''),
(67, 'IRISWu', 'Lianjiang', '0986-894-874', 'E8OokiT14ap@gmail.co', '0000-00-00', 28, 'Female', 'Taiwan', '204.jpg', '', '', ''),
(68, 'AUBREY Wu', 'Nantou', '0965-788-783', 'GYTgdWm6@gmail.com', '0000-00-00', 25, 'Female', 'Taiwan', '206.jpg', '', '', ''),
(69, 'CODY Tsao', 'Taitung', '0942-123-321', 'Ljibi8zM@gmail.com', '0000-00-00', 28, 'Male', 'Taiwan', '106.jpg', '', '', ''),
(70, 'MADISYN Tsao', 'Hsinchu', '0922-398-754', 'yhsfeJcgn1c@gmail.co', '0000-00-00', 27, 'Male', 'Taiwan', '106.jpg', '', '', ''),
(71, 'TONY Lo', 'Yilan', '0965-217-843', 'JVB9rktmjTtkM@gmail.', '0000-00-00', 24, 'Male', 'Taiwan', '101.jpg', '', '', ''),
(72, 'DAX Lo', 'Taipei', '0965-786-874', 'FTseg4cmYEW@gmail.co', '0000-00-00', 26, 'Female', 'Taiwan', '202.jpg', '', '', ''),
(73, 'Adam Liu', 'Taipei', '0965-934-784', 'jcCWAsfzjLyC@gmail.c', '0000-00-00', 32, 'Female', 'Taiwan', '203.jpg', '', '', ''),
(74, 'Derek Fan', 'Taipei', '0974-956-323', 'wuvPp90Eddew@gmail.c', '0000-00-00', 25, 'Male', 'Taiwan', '104.jpg', '', '', ''),
(75, 'Lily Wu', 'Xinbei', '0986-123-845', 'dyXsetThR@gmail.com', '0000-00-00', 33, 'Male', 'Taiwan', '105.jpg', '', '', ''),
(76, 'John Qiu', 'Kaohsioung', '0901-020-304', 'AaaaAA@gmail.com', '0000-00-00', 27, 'Male', 'Taiwan', '101.jpg', '', '', ''),
(77, 'JASON Wang', 'Taipei', '', 'jason.wang@gmail.com', '0000-00-00', 28, 'Male', 'Taiwan', '105.jpg', '', '', ''),
(78, 'EMILY Chen', 'Taoyuan', '0923-456-789', 'emily.chen@gmail.com', '0000-00-00', 23, 'Female', 'Taiwan', '204.jpg', '', '', ''),
(79, 'KEVIN Lee', 'Tainan', '0912-345-678', 'kevin.lee@gmail.com', '0000-00-00', 31, 'Male', 'Taiwan', '103.jpg', '', '', ''),
(80, 'SOPHIA Lin', 'Kaohsiung', '0956-789-012', 'sophia.lin@gmail.com', '0000-00-00', 26, 'Female', 'Taiwan', '202.jpg', '', '', ''),
(81, 'JORDAN Liu', 'Hsinchu', '0978-012-345', 'jordan.liu@gmail.com', '0000-00-00', 29, 'Male', '', '103.jpg', '', '', ''),
(82, 'LUCY Huang', 'Chiayi', '', 'lucy.huang@gmail.com', '0000-00-00', 23, 'Female', '', '204.jpg', '', '', ''),
(83, 'OSCAR Chen', 'Taitung', '0945-678-901', 'oscar.chen@gmail.com', '0000-00-00', 27, 'Male', '', '107.jpg', '', '', ''),
(84, 'VICTORIA Wang', 'Hualien', '0956-789-012', 'victoria.wang@gmail.', '0000-00-00', 24, 'Female', '', '204.jpg', '', '', ''),
(85, 'ALEXANDER Liu', 'Taichung', '0978-012-345', 'alexander.liu@gmail.', '0000-00-00', 30, '', 'Taiwan', '103.jpg', '', '', ''),
(86, 'LUNA Lin', 'Keelung', '0934-567-890', 'luna.lin@gmail.com', '0000-00-00', 27, 'Female', 'Taiwan', '204.jpg', '', '', ''),
(87, 'BENJAMIN Chen', 'Miaoli', '0921-234-567', 'benjamin.chen@gmail.', '0000-00-00', 31, 'Male', 'Taiwan', '105.jpg', '', '', ''),
(88, 'SCARLETT Chang', 'Yunlin', '0945-678-901', 'scarlett.chang@gmail', '0000-00-00', 26, 'Female', 'Taiwan', '202.jpg', '', '', ''),
(89, 'NATHAN Lee', 'Kaohsiung', '0956-789-012', 'nathan.lee@gmail.com', '0000-00-00', 25, 'Male', 'Taiwan', '105.jpg', '', '', ''),
(90, 'BELLA Huang', 'Taoyuan', '0978-012-345', 'bella.huang@gmail.co', '0000-00-00', 28, '', 'Taiwan', '202.jpg', '', '', ''),
(91, 'CHRISTOPHER Wang', 'Taipei', '0934-567-890', 'christopher.wang@gma', '0000-00-00', 24, 'Male', 'Taiwan', '104.jpg', '', '', ''),
(92, 'GRACE Liu', 'Tainan', '0921-234-567', 'grace.liu@gmail.com', '0000-00-00', 27, 'Female', 'Taiwan', '203.jpg', '', '', ''),
(93, 'OLIVER Lin', 'Hsinchu', '0945-678-901', 'oliver.lin@gmail.com', '0000-00-00', 32, 'Male', 'Taiwan', '101.jpg', '', '', ''),
(94, 'ELLA Chen', 'Chiayi', '0956-789-012', 'ella.chen@gmail.com', '0000-00-00', 29, 'Female', 'Taiwan', '205.jpg', '', '', ''),
(95, 'MAXIMUM Huang', 'Taitung', '0978-012-345', 'maximum.huang@gmail.', '0000-00-00', 26, 'Male', 'Taiwan', '107.jpg', '', '', ''),
(96, 'CHLOE Wang', 'Hualien', '0934-567-890', 'chloe.wang@gmail.com', '0000-00-00', 31, 'Female', 'Taiwan', '204.jpg', '', '', ''),
(97, 'GABRIEL Lee', 'Taichung', '0921-234-567', 'gabriel.lee@gmail.co', '0000-00-00', 28, 'Male', 'Taiwan', '102.jpg', '', '', ''),
(98, 'HANNAH Lin', 'Keelung', '0945-678-901', 'hannah.lin@gmail.com', '0000-00-00', 23, 'Female', 'Taiwan', '204.jpg', '', '', ''),
(99, 'SAMUEL Chen', 'Miaoli', '0956-789-012', 'samuel.chen@gmail.co', '0000-00-00', 30, 'Male', 'Taiwan', '101.jpg', '', '', ''),
(100, 'AVERY Chang', 'Yunlin', '0978-012-345', 'avery.chang@gmail.co', '0000-00-00', 27, 'Female', 'Taiwan', '203.jpg', '', '', ''),
(101, 'John Smith', 'Taipei', '0912-123-123', 'john@example.com', '0000-00-00', 23, 'Male', 'Taiwan', '101.jpg', '', '', ''),
(102, 'Jane Doe', 'Kaohsiung', '0922-456-456', 'jane@example.com', '0000-00-00', 24, 'Female', 'Taiwan', '201.jpg', '', '', ''),
(103, 'Steven Smith', 'Taipei', '0912-123-123', 'john@example.com', '0000-00-00', 23, 'Male', 'Taiwan', '106.jpg', '', '', ''),
(104, 'Jane Wu', 'Kaohsiung', '0922-456-456', 'jane@example.com', '0000-00-00', 22, 'Female', 'Taiwan', '201.jpg', '', '', ''),
(105, 'David Lee', 'Taichung', '0933-789-789', 'david@example.com', '0000-00-00', 25, 'Male', 'Taiwan', '102.jpg', '', '', ''),
(106, 'Emily Chen', 'Tainan', '0944-321-321', 'emily@example.com', '0000-00-00', 26, 'Female', 'Taiwan', '203.jpg', '', '', ''),
(107, 'Michael Lin', 'Taipei', '0912-345-678', 'michael@example.com', '0000-00-00', 22, 'Male', 'Taiwan', '104.jpg', '', '', ''),
(108, 'Lisa Wang', 'Kaohsiung', '0922-987-654', 'lisa@example.com', '0000-00-00', 22, 'Female', 'Taiwan', '207.jpg', '', '', ''),
(109, 'William Chen', 'Taichung', '0933-456-789', 'william@example.com', '0000-00-00', 26, 'Male', 'Taiwan', '103.jpg', '', '', ''),
(110, 'Jessica Liu', 'Tainan', '0944-123-456', 'jessica@example.com', '0000-00-00', 27, 'Female', 'Taiwan', '205.jpg', '', '', ''),
(111, 'Eric Huang', 'New Taipei', '0955-987-654', 'eric@example.com', '0000-00-00', 28, 'Male', 'Taiwan', '106.jpg', '', '', ''),
(112, 'Amy Chang', 'Taoyuan', '0966-654-321', 'amy@example.com', '0000-00-00', 23, 'Female', 'Taiwan', '202.jpg', '', '', ''),
(113, 'Kevin Wang', 'Hsinchu', '0977-321-654', 'kevin@example.com', '0000-00-00', 30, 'Male', 'Taiwan', '101.jpg', '', '', ''),
(114, 'Sarah Wu', 'Chiayi', '0988-654-321', 'sarah@example.com', '0000-00-00', 29, 'Female', 'Taiwan', '207.jpg', '', '', ''),
(115, 'Jason Lin', 'Keelung', '0999-321-654', 'jason@example.com', '0000-00-00', 22, 'Male', 'Taiwan', '104.jpg', '', '', ''),
(116, 'Linda Chen', 'Taitung', '0900-654-321', 'linda@example.com', '0000-00-00', 33, 'Female', 'Taiwan', '205.jpg', '', '', ''),
(117, 'Alex Yang', 'Miaoli', '0911-321-654', 'alex@example.com', '0000-00-00', 22, 'Male', 'Taiwan', '104.jpg', '', '', ''),
(118, 'Cindy Liu', 'Pingtung', '0922-654-321', 'cindy@example.com', '0000-00-00', 22, 'Female', 'Taiwan', '207.jpg', '', '', ''),
(119, 'John Doe', 'Taipei', '0912-123-123', 'john@example.com', '0000-00-00', 33, 'Male', 'Taiwan', '101.jpg', '', '', ''),
(120, 'Jane Smith', 'Kaohsiung', '0922-456-789', 'jane@example.com', '0000-00-00', 26, 'Female', 'Taiwan', '206.jpg', '', '', ''),
(121, 'ohn Doe', 'Taipei', '0912-123-123', 'johndoe@example.com', '0000-00-00', 33, 'Male', 'Taiwan', '101.jpg', '', '', ''),
(122, 'Jane Smith', 'Kaohsiung', '0912-123-123', 'janesmith@example.co', '0000-00-00', 32, 'Female', 'Taiwan', '203.jpg', '', '', ''),
(123, 'David Wang', 'Taichung', '0912-123-123', 'davidwang@example.co', '0000-00-00', 22, 'Male', 'Taiwan', '104.jpg', '', '', ''),
(124, 'Lisa Chen', 'Tainan', '0912-123-123', 'lisachen@example.com', '0000-00-00', 23, 'Female', 'Taiwan', '204.jpg', '', '', ''),
(125, 'Michael Liu', 'New Taipei', '0912-123-123', 'michaelliu@example.c', '0000-00-00', 22, 'Male', 'Taiwan', '101.jpg', '', '', ''),
(126, 'Brandon Wang', 'Miaoli', '0986-956-321', 'template1@gmail.com', '0000-00-00', 22, 'Male', 'Taiwan', '107.jpg', '', '', ''),
(127, 'Bristol Wang', 'Keelung', '0986-946-321', 'template2@gmail.com', '0000-00-00', 22, 'Female', 'Taiwan', '205.jpg', '', '', ''),
(128, 'Douglas Wu', 'Taichung', '0986-934-321', 'template3@gmail.com', '0000-00-00', 22, 'Male', 'Taiwan', '106.jpg', '', '', ''),
(129, 'Ryan Liu', 'Changhua', '0986-956-323', 'template4@gmail.com', '0000-00-00', 22, 'Male', 'Taiwan', '107.jpg', '', '', ''),
(130, 'Andy Chen', 'Tainan', '0986-956-329', 'template5@gmail.com', '0000-00-00', 22, 'Male', 'Taiwan', '106.jpg', '', '', ''),
(131, 'Rosalyn Wu', 'Pingtung', '0923-344-321', 'template7@gmail.com', '0000-00-00', 24, 'Female', 'Taiwan', '204.jpg', '', '', ''),
(132, 'Quinton Lin', 'Tainan', '0986-956-123', 'template8@gmail.com', '0000-00-00', 24, 'Male', 'Taiwan', '107.jpg', '', '', ''),
(133, 'Miranda Chen', 'Kaohsiung', '0986-936-005', 'template9@gmail.com', '0000-00-00', 24, 'Female', 'Taiwan', '202.jpg', '', '', ''),
(134, 'Carol Zhong', 'Taichung', '0986-654-774', 'template1234@gmail.c', '0000-00-00', 24, 'Male', 'Taiwan', '106.jpg', '', '', ''),
(135, 'Jack Lin', 'Keelung', '0986-123-123', 'template1235@gmail.c', '0000-00-00', 24, 'Male', 'Taiwan', '104.jpg', '', '', ''),
(136, 'Darwin Xu', 'Yilan', '0986-996-550', 'template1236@gmail.c', '0000-00-00', 24, 'Male', 'Taiwan', '107.jpg', '', '', ''),
(137, 'Lawrence Wu', 'Chiayi', '0986-009-095', 'template1237@gmail.c', '0000-00-00', 25, 'Male', 'Taiwan', '101.jpg', '', '', ''),
(138, 'Celina Lin', 'Kaohsiung', '0965-344-323', 'template1238@gmail.c', '0000-00-00', 28, 'Female', 'Taiwan', '203.jpg', '', '', ''),
(139, 'Joey Fu', 'Kaohsiung', '0965-909-324', 'template2356@gmail.c', '0000-00-00', 23, 'Male', 'Taiwan', '105.jpg', '', '', ''),
(140, 'Layne Lin', 'Tainan', '0965-946-345', 'template2346@gmail.c', '0000-00-00', 24, 'Male', 'Taiwan', '103.jpg', '', '', ''),
(141, 'Westley Huang', 'Hsinchu', '0965-923-776', 'template2333@gmail.c', '0000-00-00', 25, 'Male', 'Taiwan', '105.jpg', '', '', ''),
(142, 'Scarlet Dai', 'Lianjiang', '0986-345-907', 'template0009@gmail.c', '0000-00-00', 26, 'Female', 'Taiwan', '206.jpg', '', '', ''),
(143, 'Joy Fan', 'Nantou', '0965-653-456', 'template0088@gmail.c', '0000-00-00', 26, 'Female', 'Taiwan', '204.jpg', '', '', ''),
(144, 'Alex Wang', 'Taitung', '0965-111-321', 'template3456@gmail.c', '0000-00-00', 27, 'Male', 'Taiwan', '102.jpg', '', '', ''),
(145, 'Abel Xu', 'Hsinchu', '0965-398-567', 'template8888@gmail.c', '0000-00-00', 27, 'Male', 'Taiwan', '101.jpg', '', '', ''),
(146, 'Milo Kim', 'Yilan', '0965-217-786', 'template8899@gmail.c', '0000-00-00', 28, 'Male', 'Taiwan', '104.jpg', '', '', ''),
(147, 'Bonnie Shen', 'Taipei', '0965-786-023', 'template8787@gmail.c', '0000-00-00', 29, 'Female', 'Taiwan', '205.jpg', '', '', ''),
(148, 'London Zheng', 'Taipei', '0965-934-321', 'template122@gmail.co', '0000-00-00', 30, 'Female', 'Taiwan', '202.jpg', '', '', ''),
(149, 'Marcus Hung', 'Taipei', '0965-956-323', 'template150@gmail.co', '0000-00-00', 33, 'Male', 'Taiwan', '101.jpg', '', '', ''),
(150, 'Drew Dai', 'Xinbei', '0986-123-111', 'template6@gmail.com', '0000-00-00', 34, 'Male', 'Taiwan', '104.jpg', '', '', ''),
(151, 'John Smith', 'Taipei', '0986-123-111', 'johnsmith@email.com', '0000-00-00', 28, 'Male', 'Taiwan', '106.jpg', '', '', ''),
(152, 'Emily Chen', 'Taipei ', '0986-123-112', 'emilychen@email.com', '0000-00-00', 32, 'Female', 'Taiwan', '204.jpg', '', '', ''),
(153, 'Michael Liu', 'New Taipei', '0986-123-113', 'michaelliu@email.com', '0000-00-00', 25, 'Male', 'Taiwan', '107.jpg', '', '', ''),
(154, 'Jennifer Wang', 'Taichung', '0986-123-114', 'jenniferwang@email.c', '0000-00-00', 27, 'Female', 'Taiwan', '203.jpg', '', '', ''),
(155, 'David Lee', 'Kaohsiung', '0986-123-115', 'davidlee@email.com', '0000-00-00', 30, 'Male', 'Taiwan', '107.jpg', '', '', ''),
(156, 'Sophia Lin', 'Tainan', '0986-123-116', 'sophialin@email.com', '0000-00-00', 24, 'Female', 'Taiwan', '201.jpg', '', '', ''),
(157, 'Olivia Huang', 'Hsinchu ', '0986-123-117', 'oliviahuang@email.co', '0000-00-00', 29, 'Male', 'Taiwan', '104.jpg', '', '', ''),
(158, 'Daniel Wu', 'Taoyuan City', '0986-123-118', 'danielwu@email.com', '0000-00-00', 31, 'Male', 'Taiwan', '101.jpg', '', '', ''),
(159, 'Lily Chen', 'Chiayi', '0986-123-119', 'lilychen@email.com', '0000-00-00', 26, 'Male', 'Taiwan', '107.jpg', '', '', ''),
(160, 'Ethan Lin', 'Keelung', '0986-123-120', 'ethanlin@email.com', '0000-00-00', 33, 'Male', 'Taiwan', '102.jpg', '', '', ''),
(161, 'Grace Liu', 'Miaoli', '0986-123-121', 'graceliu@email.com', '0000-00-00', 28, 'Female', 'Taiwan', '206.jpg', '', '', ''),
(162, 'Alex Chang', 'Pingtung', '0986-123-122', 'alexchang@email.com', '0000-00-00', 32, 'Male', 'Taiwan', '105.jpg', '', '', ''),
(163, 'Natalie Wu', 'Yilan', '0986-123-123', 'nataliewu@email.com', '0000-00-00', 27, 'Male', 'Taiwan', '104.jpg', '', '', ''),
(164, 'Eric Chen', 'Hualien', '0986-123-124', 'ericchen@email.com', '0000-00-00', 29, 'Male', 'Taiwan', '103.jpg', '', '', ''),
(165, 'Sophia Lin', 'Tainan', '0986-123-125', 'sophialin@email.com', '0000-00-00', 30, 'Male', 'Taiwan', '101.jpg', '', '', ''),
(166, 'Max Lee', 'Hsinchu', '0986-123-126', 'maxlee@email.com', '0000-00-00', 34, 'Male', 'Taiwan', '107.jpg', '', '', ''),
(167, 'Emily Wang', 'Miaoli', '0986-123-127', 'emilywang@email.com', '0000-00-00', 28, 'Male', 'Taiwan', '102.jpg', '', '', ''),
(168, 'Ethan Huang', 'Keelung', '0986-123-128', 'ethanhuang@email.com', '0000-00-00', 32, 'Male', 'Taiwan', '104.jpg', '', '', ''),
(169, 'Zoe Liu', 'Chiayi', '0986-123-129', 'zoeliu@email.com', '0000-00-00', 29, 'Female', 'Taiwan', '205.jpg', '', '', ''),
(170, 'Jasmine Chen', 'Taichung', '0986-123-130', 'jasminechen@email.co', '0000-00-00', 31, 'Male', 'Taiwan', '107.jpg', '', '', ''),
(171, 'Oliver Wu', 'Tainan', '0986-123-131', 'oliverwu@email.com', '0000-00-00', 33, 'Male', 'Taiwan', '103.jpg', '', '', ''),
(172, 'Lily Tan', 'Kaohsioung', '0946-561-1111', 'Lily Tan@gmail.com', '0000-00-00', 31, 'Female', 'Taiwan', '201.jpg', '', '', ''),
(173, 'Lala Mee', 'Nantou', '0956-229-333', 'Lala Mee@gmail.com', '0000-00-00', 23, 'Female', 'Taiwan', '205.jpg', '', '', ''),
(174, 'Den Cheng', 'Miaoli', '0936-461-344', 'Den Cheng@gmail.com', '0000-00-00', 27, 'Male', 'Taiwan', '106.jpg', '', '', ''),
(175, 'Ray Chen', 'Keelung', '0948-531-555', 'Ray Chen@gmail.com', '0000-00-00', 24, 'Male', 'Taiwan', '107.jpg', '', '', ''),
(176, 'Jack Yoong', 'Kaohsioung', '0986-123-136', 'jackyoong@gmail.com', '0000-00-00', 23, 'Male', 'Taiwan', '102.jpg', '', '', ''),
(177, 'Mei-Ling Cheng', 'Taipei', '0987-654-321', ' cheng.mei-ling@gmai', '0000-00-00', 36, 'Female', 'Taiwan', '207.jpg', '', '', ''),
(178, 'Jian-Hong Chen', 'Chiayi', '0912-345-678', 'chen.jian-hong@yahoo', '0000-00-00', 33, 'Male', 'Taiwan', '106.jpg', '', '', ''),
(179, 'Shu-Juan Lin', 'Hsinchu', '0976-543-210', 'lin.shu-juan@hotmail', '0000-00-00', 30, 'Female', 'Taiwan', '205.jpg', '', '', ''),
(180, 'Zhi-Ming Wang', 'Taichung', '0923-456-789', 'wang.zhi-ming@msn.co', '0000-00-00', 37, 'Male', 'Taiwan', '104.jpg', '', '', ''),
(181, 'Ya-Ting Liu', 'Kaohsiung', '0965-432-109', ' liu.ya-ting@outlook', '0000-00-00', 31, 'Female', 'Taiwan', '203.jpg', '', '', ''),
(182, 'Jian-Guo Huang', 'Tainan', '0901-234-567', 'huang.jian-guo@gmail', '0000-00-00', 34, 'Male', 'Taiwan', '104.jpg', '', '', ''),
(183, 'Shu-Fen Zhang', 'Fengyuan', '0954-321-076', 'zhang.shu-fen@yahoo.', '0000-00-00', 32, 'Female', 'Taiwan', '202.jpg', '', '', ''),
(184, 'Ming-Zhe Li', 'Taoyuan', '0932-109-876', ' li.ming-zhe@hotmail', '0000-00-00', 35, 'Male', 'Taiwan', '106.jpg', '', '', ''),
(185, 'Mei-Hui Zhou', 'Banqiao', '0943-210-765', 'zhou.mei -hui@msn.co', '0000-00-00', 29, 'Female', 'Taiwan', '202.jpg', '', '', ''),
(186, 'Jia-Hao Wu', 'Pingtung', '0910-987-654', 'wu.jia -hao@outlook.', '0000-00-00', 28, 'Male', 'Taiwan', '104.jpg', '', '', ''),
(187, 'Mei-Ling Cai', 'Magong', '0987-654-321', 'cai.mei -ling@gmail.', '0000-00-00', 31, 'Female', 'Taiwan', '204.jpg', '', '', ''),
(188, 'Zhi-Ming Xu', 'Shilin', '0976-543-210', 'xu.zhi-ming@yahoo.co', '0000-00-00', 38, 'Male', 'Taiwan', '104.jpg', '', '', ''),
(189, 'Shu-Juan Xie', 'Miaoli', '0923-456-789', 'xie.shu -juan@hotmai', '0000-00-00', 26, 'Female', 'Taiwan', '207.jpg', '', '', ''),
(190, 'Jian-Hong Zeng', 'Nantun', '0965-432-109', 'zeng.jian -hong@msn.', '0000-00-00', 25, 'Male', 'Taiwan', '107.jpg', '', '', ''),
(191, 'Ya-Ting Qiu', 'Taitung', '0901-234-567', 'qiu.ya -ting@outlook', '0000-00-00', 24, 'Female', 'Taiwan', '203.jpg', '', '', ''),
(192, 'Jian-Guo Ma', 'Yilan', '0954-321-076', 'ma.jian -guo@gmail.c', '0000-00-00', 34, 'Male', 'Taiwan', '105.jpg', '', '', ''),
(193, 'Shu-Fen Su', 'Chaozhou', '0932-109-876', 'su.shu-fen@yahoo.com', '0000-00-00', 40, 'Female', 'Taiwan', '203.jpg', '', '', ''),
(194, 'Ming-Zhe Zhong', 'Jincheng', '0943-210-765', 'zhong.ming-zhe@hotma', '0000-00-00', 41, 'Male', 'Taiwan', '104.jpg', '', '', ''),
(195, 'Mei-Hui Hong', 'Nangan', '0970-733-884', 'hong.mei-hui@msn.com', '0000-00-00', 32, 'Female', 'Taiwan', '205.jpg', '', '', ''),
(196, 'Mei-Ling Chen', 'Taipei', '0921-428-749', 'chen.mei-ling@outloo', '0000-00-00', 24, 'Female', 'Taiwan', '202.jpg', '', '', ''),
(197, 'Zhi-Ming Yang', 'Banqiao', '0926-918-628', 'yang.zhi-ming@gmail.', '0000-00-00', 23, 'Male', 'Taiwan', '102.jpg', '', '', ''),
(198, 'Shu-Juan Zhang', 'Zhubei', '0915-287-437', 'zhang.shu -juan@yaho', '0000-00-00', 28, 'Female', 'Taiwan', '201.jpg', '', '', ''),
(199, 'Jian-Hong Li', 'Beitun', '0952-628-282', 'li.jian -hong@hotmai', '0000-00-00', 27, 'Male', 'Taiwan', '101.jpg', '', '', ''),
(200, 'Ya-Ting Wang', 'Hualien', '0952-646-739', 'wang.ya -ting@msn.co', '0000-00-00', 59, 'Female', 'Taiwan', '201.jpg', '', '', ''),
(201, 'Jian-Guo Wu', 'Luodong', '0972-234-165', 'wu.jian -guo@outlook', '0000-00-00', 31, 'Male', 'Taiwan', '103.jpg', '', '', '');

-- --------------------------------------------------------

--
-- 資料表結構 `note_check`
--

CREATE TABLE `note_check` (
  `C_id` int(32) NOT NULL,
  `Note` varchar(1000) NOT NULL,
  `Note_View` int(10) NOT NULL,
  `N_check` tinyint(1) NOT NULL
) ENGINE=InnoDB DEFAULT CHARSET=utf8mb4 COLLATE=utf8mb4_general_ci;

--
-- 傾印資料表的資料 `note_check`
--

INSERT INTO `note_check` (`C_id`, `Note`, `Note_View`, `N_check`) VALUES
(1, '98545451', 2, 0),
(2, '50240', 2, 0),
(3, '11', 2, 0),
(4, '855757', 2, 0),
(7, '855757', 2, 0);

-- --------------------------------------------------------

--
-- 資料表結構 `other_experience`
--

CREATE TABLE `other_experience` (
  `exp_id` varchar(10) NOT NULL,
  `C_id` int(10) NOT NULL,
  `exp_name` varchar(500) NOT NULL,
  `exp_detail` varchar(1000) NOT NULL,
  `exp_start_year` year(4) NOT NULL,
  `exp_start_month` int(11) NOT NULL,
  `exp_end_year` year(4) NOT NULL,
  `exp_end_month` int(11) NOT NULL
) ENGINE=InnoDB DEFAULT CHARSET=utf8mb4 COLLATE=utf8mb4_general_ci;

--
-- 傾印資料表的資料 `other_experience`
--

INSERT INTO `other_experience` (`exp_id`, `C_id`, `exp_name`, `exp_detail`, `exp_start_year`, `exp_start_month`, `exp_end_year`, `exp_end_month`) VALUES
('001O001', 1, 'Intern at 168 gaming company', '', '2017', 7, '2018', 4),
('003O001', 3, 'LU student association accountant', '', '2018', 9, '2019', 6),
('005O001', 5, 'volunteer to go to Africa to help the poor ', '', '2010', 6, '2010', 8),
('006O001', 6, 'Web program club director', '', '2019', 9, '2020', 6),
('006O002', 6, 'Intern at Hamboogo Technology Co., Ltd.', '', '2018', 6, '2018', 8),
('012O001', 12, 'Be a teaching assistant in Programming class', '', '2020', 9, '2021', 1),
('015O001', 15, 'web program & design club vice director', '', '2020', 9, '2022', 6),
('019O001', 19, 'student association director', '', '2012', 9, '2013', 6),
('019O002', 19, 'Intern at KKJS Technology Co., Ltd.', '', '2013', 7, '2013', 9),
('020O001', 20, 'diving club vice director', '', '2020', 9, '2022', 6),
('024O001', 24, 'student association vice director', '', '2019', 9, '2020', 6),
('025O001', 25, 'Intern at Picachu Technology Co., Ltd.', '', '2019', 7, '2019', 8),
('032O001', 32, 'Henya Technology Internship Program', '', '2021', 7, '2022', 7),
('041O001', 41, 'Dance Club', '', '2016', 10, '2018', 7),
('041O002', 41, 'Academia Sinica Summer Internship Program', '', '2018', 7, '2018', 8),
('044O001', 44, 'Asuka Technology Internship Program', '', '2022', 10, '2023', 6),
('048O001', 48, 'FBMETA Internship Program', '', '2021', 10, '2022', 6),
('050O001', 50, 'Nerfiliw Internship Program', '', '2021', 10, '2022', 6),
('102O001', 102, 'Teaching Assistant for Web Design Course', '', '2020', 9, '2021', 1),
('104O001', 104, 'Internship at Crestview Enterprises Inc.', '', '2022', 6, '2022', 8),
('105O001', 105, 'Internship Bluewave Enterprises Inc.', '', '2019', 6, '2019', 9),
('105O002', 105, 'NCAU President of Magic Club', '', '2018', 6, '2019', 6),
('107O001', 107, 'CAU Student Council General Affairs Officer', '', '2022', 6, '2023', 6),
('109O001', 109, 'Teaching Assistant for Database Management Course', '', '2019', 3, '2019', 6),
('113O001', 113, 'Internship Bluewave Enterprises Inc.', '', '2016', 3, '2016', 6),
('114O001', 114, 'YAU Vice President of Information Security Association', '', '2015', 6, '2016', 6),
('116O001', 116, 'Internship at Dalu Accounting Firm Inc.', '', '2012', 9, '2013', 3),
('119O001', 119, 'Teaching Assistant for Web Design Course', '', '2014', 9, '2015', 1),
('123O001', 123, 'LU President of Dance Club', '', '2021', 6, '2022', 6),
('125O001', 125, 'Internship Bluewave Enterprises Inc.', '', '2022', 6, '2022', 12),
('126O001', 126, 'NSYSU web program & design club director', '', '2020', 6, '2021', 6),
('126O002', 126, 'UNIKULO Campus Ambassador', '', '2021', 9, '2022', 1),
('127O001', 127, 'ATU IM student association vice director', '', '2021', 6, '2022', 6),
('128O001', 128, 'ATU web program & design club vice director', '', '2020', 6, '2021', 6),
('128O002', 128, 'Intern at uvu technology Co., Ltd.', '', '2023', 2, '2023', 6),
('129O001', 129, 'NSYSU French club director', '', '2020', 6, '2020', 6),
('129O002', 129, 'Intern at OK technology Co., Ltd.', '', '2022', 11, '2023', 6),
('131O001', 131, 'CAU CS student association minister of Internet Publicity section', '', '2018', 6, '2019', 6),
('132O001', 132, 'LU IM student association director', '', '2019', 6, '2020', 6),
('133O001', 133, 'volunteer at LOVE foundation', '', '2021', 10, '2022', 2),
('134O001', 134, 'Weebtoon Campus Ambassador', '', '2018', 9, '2022', 6),
('135O001', 135, 'Nikey Campus Ambassdor', '', '2019', 9, '2019', 12),
('136O001', 136, 'NCAU web program & design club director', '', '2018', 6, '2019', 6),
('137O001', 137, 'NSYSU card games club vice director', '', '2017', 6, '2018', 0),
('137O002', 137, 'Microhard Business Competition project', '', '2021', 2, '2021', 6),
('138O001', 138, 'Worker at UCC coding camp', '', '2014', 2, '2014', 8),
('139O001', 139, 'UCC English club director', '', '2019', 6, '2020', 6),
('139O002', 139, 'volunteer at Jason Animal Conservation Area', '', '2022', 3, '2022', 6),
('140O001', 140, 'NCAU CS student association minister of equipment section', '', '2018', 6, '2019', 0),
('140O002', 140, 'volunteer at Peter Animal Conservation Area', '', '2022', 5, '2022', 8),
('143O001', 143, 'SSU photography club director', '', '2016', 6, '2017', 6),
('144O001', 144, 'UCIA web program & design club director', '', '2015', 6, '2016', 6),
('145O001', 145, 'ABU web program & design club vice director', '', '2014', 6, '2015', 6),
('146O001', 146, 'SFU Guitar club director', '', '2013', 6, '2014', 6),
('147O001', 147, 'SFU IM student association minister of equipment section', '', '2013', 6, '2014', 6),
('179O001', 179, 'Organized a charity fundraising event for the local community, raising funds to support underprivileged children\'s education.', '', '2017', 9, '2019', 12),
('180O001', 180, 'Created a mobile app prototype for a social networking platform aimed at connecting students with similar academic interests.', '', '2018', 1, '2020', 12),
('181O001', 181, 'Developed a website for a local non-profit organization, providing information about their initiatives and volunteer opportunities.', '', '2016', 9, '2017', 8),
('182O001', 182, 'Led a team of fellow students in organizing a coding workshop series for beginners, teaching basic programming concepts.', '', '2015', 9, '2016', 8),
('183O001', 183, 'Designed and implemented a virtual reality tour of historical landmarks for a university history department.', '', '2017', 9, '2019', 1),
('184O001', 184, 'Developed a time management mobile app to help students track their study schedules and set reminders for upcoming exams.', '', '2017', 1, '2020', 12),
('185O001', 185, 'Assisted in organizing a hackathon event on campus, attracting participants from different universities and fostering innovation.', '', '2018', 10, '2019', 7),
('186O001', 186, 'Designed and conducted a survey to gather feedback from students about campus facilities and suggest improvements to the administration.', '', '2016', 10, '2017', 3),
('188O001', 188, 'Coordinated a community clean-up campaign, mobilizing volunteers to maintain the cleanliness of public spaces in the area.', '', '2019', 3, '2020', 1),
('190O001', 190, 'Created an online platform for sharing study resources and facilitating collaborative learning among students in the same major.', '', '2016', 3, '2018', 3),
('194O001', 194, 'Developed a website for a local art exhibition, showcasing the works of emerging artists and providing information about the event.', '', '2019', 9, '2022', 1),
('196O001', 196, 'Assisted in the organization of a career fair, inviting companies from various industries to connect with students and offer internships.', '', '2020', 9, '2021', 3),
('197O001', 197, 'Initiated and led a photography club on campus, organizing regular meetups and exhibitions to showcase members\' creative work.', '', '2018', 1, '2019', 1),
('198O001', 198, 'Collaborated with a group of students to develop a mobile game that promotes environmental awareness and sustainable practices.', '', '2021', 10, '2022', 3),
('199O001', 199, 'Developed a website for a  local community center', '', '2020', 9, '2021', 1),
('199O002', 199, 'Volunteered as a tutor at a local community center, providing academic support to underprivileged students in need.', '', '2020', 9, '2021', 1);

-- --------------------------------------------------------

--
-- 資料表結構 `relation_table_oe_s`
--

CREATE TABLE `relation_table_oe_s` (
  `exp_id` varchar(10) NOT NULL,
  `skill_id` varchar(10) NOT NULL
) ENGINE=InnoDB DEFAULT CHARSET=utf8mb4 COLLATE=utf8mb4_general_ci;

--
-- 傾印資料表的資料 `relation_table_oe_s`
--

INSERT INTO `relation_table_oe_s` (`exp_id`, `skill_id`) VALUES
('001O001', '001S001'),
('001O001', '001S002'),
('001O001', '001S003'),
('001O001', '001S006'),
('006O001', '006S001'),
('006O001', '006S002'),
('006O001', '006S003'),
('006O002', '006S001'),
('006O002', '006S002'),
('006O002', '006S003'),
('006O002', '006S005'),
('012O001', '012S001'),
('012O001', '012S002'),
('015O001', '015S001'),
('015O001', '015S002'),
('015O001', '015S004'),
('019O002', '019S001'),
('019O002', '019S002'),
('019O002', '019S003'),
('019O002', '019S004'),
('025O001', '025S001'),
('025O001', '025S002'),
('025O001', '025S005'),
('025O001', '025S007'),
('032O001', '032S001'),
('041O002', '041S001'),
('041O002', '041S002'),
('044O001', '044S001'),
('044O001', '044S002'),
('044O001', '044S003'),
('048O001', '048S001'),
('048O001', '048S002'),
('050O001', '050S001'),
('050O001', '050S002'),
('102O001', '102S001'),
('102O001', '102S002'),
('102O001', '102S004'),
('104O001', '104S001'),
('104O001', '104S003'),
('104O001', '104S006'),
('105O001', '105S001'),
('113O001', '113S001'),
('113O001', '113S002'),
('113O001', '113S004'),
('114O001', '114S003'),
('114O001', '114S004'),
('114O001', '114S005'),
('116O001', '116S006'),
('116O001', '116S007'),
('116O001', '116S008'),
('119O001', '119S001'),
('119O001', '119S002'),
('125O001', '125S003'),
('125O001', '125S004'),
('125O001', '125S005'),
('125O001', '125S006'),
('125O001', '125S007'),
('125O001', '125S009'),
('125O001', '125S010'),
('126O001', '126S004'),
('126O001', '126S005'),
('128O001', '128S001'),
('128O001', '128S005'),
('128O001', '128S006'),
('128O002', '128S002'),
('128O002', '128S003'),
('128O002', '128S004'),
('129O001', '129S008'),
('129O002', '129S001'),
('129O002', '129S002'),
('129O002', '129S003'),
('131O001', ''),
('131O001', '131S001'),
('131O001', '131S002'),
('133O001', ''),
('133O001', '133S001'),
('133O001', '133S002'),
('136O001', '136S002'),
('136O001', '136S003'),
('136O001', '136S004'),
('137O002', '137S006'),
('137O002', '137S007'),
('138O001', '138S005'),
('139O001', '139S008'),
('144O001', '144S004'),
('144O001', '144S007'),
('145O001', '145S005'),
('145O001', '145S010');

-- --------------------------------------------------------

--
-- 資料表結構 `relation_table_we_s`
--

CREATE TABLE `relation_table_we_s` (
  `work_id` varchar(10) NOT NULL,
  `skill_id` varchar(10) NOT NULL
) ENGINE=InnoDB DEFAULT CHARSET=utf8mb4 COLLATE=utf8mb4_general_ci;

--
-- 傾印資料表的資料 `relation_table_we_s`
--

INSERT INTO `relation_table_we_s` (`work_id`, `skill_id`) VALUES
('001W001', '001S001'),
('001W001', '001S002'),
('001W001', '001S003'),
('001W001', '001S004'),
('001W002', '001S002'),
('002W001', '002S003'),
('002W001', '002S004'),
('002W001', '002S005'),
('002W001', '002S006'),
('002W001', '002S007'),
('002W001', '002S008'),
('002W002', '002S003'),
('002W002', '002S004'),
('002W002', '002S005'),
('002W002', '002S006'),
('002W002', '002S007'),
('002W002', '002S008'),
('002W003', '002S005'),
('002W003', '002S006'),
('002W003', '002S007'),
('004W001', '004S004'),
('004W001', '004S005'),
('005W001', '005S003'),
('005W001', '005S005'),
('005W001', '005S006'),
('005W001', '005S007'),
('005W001', '005S008'),
('005W001', '005S009'),
('008W001', '008S001'),
('008W001', '008S002'),
('008W001', '008S004'),
('011W001', '011S002'),
('011W001', '011S003'),
('011W001', '011S004'),
('011W001', '011S005'),
('011W001', '011S007'),
('011W002', '011S004'),
('011W002', '011S005'),
('011W002', '011S006'),
('011W002', '011S008'),
('016W001', '016S001'),
('016W001', '016S002'),
('016W001', '016S003'),
('016W001', '016S005'),
('016W001', '016S006'),
('016W001', '016S007'),
('019W001', '019S001'),
('019W001', '019S002'),
('019W001', '019S003'),
('019W001', '019S004'),
('019W001', '019S007'),
('019W001', '019S009'),
('019W002', '019S001'),
('019W002', '019S002'),
('019W002', '019S003'),
('019W002', '019S004'),
('019W002', '019S007'),
('019W002', '019S008'),
('019W002', '019S010'),
('021W001', '021S001'),
('021W001', '021S002'),
('021W001', '021S004'),
('021W001', '021S006'),
('025W001', '025S001'),
('025W001', '025S002'),
('025W001', '025S003'),
('025W001', '025S004'),
('025W001', '025S007'),
('025W002', '025S001'),
('025W002', '025S002'),
('025W002', '025S003'),
('025W002', '025S004'),
('025W002', '025S005'),
('025W002', '025S006'),
('026W001', '026S001'),
('026W001', '026S002'),
('026W001', '026S003'),
('026W002', '026S004'),
('026W002', '026S005'),
('027W001', '027S001'),
('027W001', '027S002'),
('027W002', '027S001'),
('028W001', '028S001'),
('028W001', '028S002'),
('028W001', '028S003'),
('028W002', '028S001'),
('028W002', '028S005'),
('028W003', '028S001'),
('028W003', '028S005'),
('029W001', '029S001'),
('029W001', '029S002'),
('029W001', '029S003'),
('029W001', '029S004'),
('030W001', '030S001'),
('030W001', '030S002'),
('030W002', '030S001'),
('030W002', '030S002'),
('030W002', '030S005'),
('031W001', '031S001'),
('031W001', '031S002'),
('031W002', '031S003'),
('031W002', '031S004'),
('031W003', '031S005'),
('031W003', '031S006'),
('031W003', '031S007'),
('033W001', '033S001'),
('033W001', '033S002'),
('034W001', '034S001'),
('034W002', '034S001'),
('034W002', '034S003'),
('035W001', '035S001'),
('035W001', '035S002'),
('036W001', '036S001'),
('036W002', '036S001'),
('036W002', '036S003'),
('036W003', '036S001'),
('036W003', '036S003'),
('036W003', '036S006'),
('037W001', '037S001'),
('037W002', '037S001'),
('038W001', '038S001'),
('038W001', '038S002'),
('038W001', '038S003'),
('038W002', '038S004'),
('038W003', '038S005'),
('039W001', '039S001'),
('039W001', '039S002'),
('039W002', '039S001'),
('039W002', '039S002'),
('039W002', '039S005'),
('040W001', '040S001'),
('040W001', '040S002'),
('040W002', '040S003'),
('040W002', '040S004'),
('040W003', '040S005'),
('040W004', '040S006'),
('040W004', '040S007'),
('040W004', '040S008'),
('042W001', '042S001'),
('042W001', '042S002'),
('043W001', '043S001'),
('046W001', '046S001'),
('046W001', '046S002'),
('046W002', '046S003'),
('047W001', '047S001'),
('047W001', '047S002'),
('047W001', '047S003'),
('047W002', '047S002'),
('047W002', '047S003'),
('047W002', '047S005'),
('047W002', '047S006'),
('047W002', '047S007'),
('047W003', '047S001'),
('047W003', '047S003'),
('047W003', '047S005'),
('047W003', '047S006'),
('047W003', '047S007'),
('048W001', '048S001'),
('049W001', '049S001'),
('049W001', '049S002'),
('049W002', '049S001'),
('049W002', '049S003'),
('049W002', '049S004'),
('050W001', '050S001'),
('050W001', '050S002'),
('050W001', '050S003'),
('076W001', '076S001'),
('076W001', '076S002'),
('076W001', '076S003'),
('076W001', '076S004'),
('076W001', '076S005'),
('076W001', '076S006'),
('076W001', '076S007'),
('076W001', '076S008'),
('077W001', '077S001'),
('077W001', '077S002'),
('077W001', '077S003'),
('077W001', '077S004'),
('077W001', '077S005'),
('077W001', '077S006'),
('077W001', '077S007'),
('079W001', '079S001'),
('079W001', '079S002'),
('079W001', '079S003'),
('079W001', '079S004'),
('079W001', '079S005'),
('080W001', '080S001'),
('080W001', '080S002'),
('080W001', '080S003'),
('080W001', '080S004'),
('080W001', '080S005'),
('081W001', '081S001'),
('081W001', '081S002'),
('081W001', '081S003'),
('081W001', '081S004'),
('081W001', '081S005'),
('081W001', '081S006'),
('081W001', '081S007'),
('083W001', '083S001'),
('083W001', '083S002'),
('083W001', '083S003'),
('083W001', '083S004'),
('083W001', '083S005'),
('083W001', '083S006'),
('086W001', '086S001'),
('086W001', '086S002'),
('086W001', '086S003'),
('086W001', '086S004'),
('086W001', '086S005'),
('087W001', '087S001'),
('087W001', '087S002'),
('087W001', '087S003'),
('087W001', '087S004'),
('087W001', '087S005'),
('090W001', '090S001'),
('090W001', '090S002'),
('090W001', '090S003'),
('090W001', '090S004'),
('092W001', '092S001'),
('092W001', '092S002'),
('092W001', '092S003'),
('092W001', '092S004'),
('092W001', '092S005'),
('092W001', '092S006'),
('093W001', '093S001'),
('093W001', '093S002'),
('093W001', '093S003'),
('093W001', '093S004'),
('093W001', '093S005'),
('093W001', '093S006'),
('093W002', '093S001'),
('093W002', '093S002'),
('093W002', '093S003'),
('093W002', '093S004'),
('093W002', '093S005'),
('093W002', '093S006'),
('094W001', '094S001'),
('094W001', '094S002'),
('094W001', '094S003'),
('094W001', '094S004'),
('096W001', '096S001'),
('096W001', '096S002'),
('096W001', '096S003'),
('096W001', '096S004'),
('096W001', '096S005'),
('097W001', '097S001'),
('097W001', '097S002'),
('097W001', '097S003'),
('097W001', '097S004'),
('097W001', '097S005'),
('099W001', '099S001'),
('099W001', '099S002'),
('099W001', '099S003'),
('099W001', '099S004'),
('099W001', '099S005'),
('100W001', '100S001'),
('100W001', '100S002'),
('100W001', '100S003'),
('100W001', '100S004'),
('100W001', '100S007'),
('100W001', '100S008'),
('100W002', '100S001'),
('100W002', '100S002'),
('100W002', '100S003'),
('100W002', '100S004'),
('100W002', '100S005'),
('100W002', '100S006'),
('100W002', '100S007'),
('100W002', '100S008'),
('101W001', '101S001'),
('101W001', '101S003'),
('102W001', '102S001'),
('102W001', '102S002'),
('102W001', '102S003'),
('102W001', '102S004'),
('102W001', '102S005'),
('102W001', '102S006'),
('103W001', '103S001'),
('103W001', '103S002'),
('109W001', '109S001'),
('109W001', '109S002'),
('109W002', '109S001'),
('109W002', '109S002'),
('110W001', '110S002'),
('110W001', '110S003'),
('110W001', '110S004'),
('110W002', '110S001'),
('110W002', '110S002'),
('110W002', '110S003'),
('110W002', '110S004'),
('111W001', '111S001'),
('111W001', '111S003'),
('111W002', '111S001'),
('111W002', '111S002'),
('111W002', '111S003'),
('113W001', '113S001'),
('113W001', '113S002'),
('113W001', '113S003'),
('113W001', '113S004'),
('113W001', '113S005'),
('114W001', '114S001'),
('114W001', '114S002'),
('114W001', '114S004'),
('114W001', '114S005'),
('114W002', '114S003'),
('114W002', '114S004'),
('114W002', '114S005'),
('116W001', '116S006'),
('116W001', '116S007'),
('116W001', '116S008'),
('116W002', '116S002'),
('116W002', '116S003'),
('116W002', '116S004'),
('116W002', '116S005'),
('116W002', '116S008'),
('116W003', '116S001'),
('116W003', '116S003'),
('116W003', '116S004'),
('116W003', '116S005'),
('116W003', '116S008'),
('119W001', '119S001'),
('119W001', '119S002'),
('119W002', '119S001'),
('119W002', '119S002'),
('120W001', '120S001'),
('120W001', '120S003'),
('120W001', '120S005'),
('121W001', '121S001'),
('121W001', '121S002'),
('121W001', '121S003'),
('121W001', '121S005'),
('121W002', '121S002'),
('121W002', '121S003'),
('121W002', '121S006'),
('121W003', '121S002'),
('121W003', '121S003'),
('121W003', '121S004'),
('122W001', '122S001'),
('122W001', '122S002'),
('124W001', '124S001'),
('124W001', '124S002'),
('124W001', '124S003'),
('139W001', '139S001'),
('139W001', '139S002'),
('139W001', '139S004'),
('139W001', '139S005'),
('139W001', '139S007'),
('139W001', '139S008'),
('140W001', '140S001'),
('140W001', '140S004'),
('140W001', '140S005'),
('140W002', '140S001'),
('140W002', '140S003'),
('140W002', '140S004'),
('140W002', '140S005'),
('140W002', '140S007'),
('141W001', '141S001'),
('141W001', '141S002'),
('141W001', '141S004'),
('141W001', '141S005'),
('141W001', '141S006'),
('141W001', '141S007'),
('141W001', '141S008'),
('141W001', '141S009'),
('142W001', '142S001'),
('142W001', '142S002'),
('142W001', '142S004'),
('142W001', '142S005'),
('142W001', '142S007'),
('142W001', '142S008'),
('144W001', '144S004'),
('144W001', '144S005'),
('144W001', '144S006'),
('145W001', '145S004'),
('145W001', '145S006'),
('145W001', '145S007'),
('145W002', '145S004'),
('145W002', '145S005'),
('145W002', '145S006'),
('145W002', '145S007'),
('145W002', '145S008'),
('146W001', '146S002'),
('146W001', '146S003'),
('146W001', '146S004'),
('146W001', '146S005'),
('146W002', '146S002'),
('146W002', '146S004'),
('146W002', '146S005'),
('146W002', '146S008'),
('146W003', '146S002'),
('146W003', '146S003'),
('146W003', '146S004'),
('146W003', '146S005'),
('146W004', '146S002'),
('146W004', '146S003'),
('146W004', '146S004'),
('146W004', '146S005'),
('147W001', '147S002'),
('147W001', '147S004'),
('147W001', '147S005'),
('147W001', '147S006'),
('148W001', '148S003'),
('148W001', '148S011'),
('148W002', '148S001'),
('148W002', '148S007'),
('148W003', '148S004'),
('148W003', '148S005'),
('148W003', '148S009'),
('148W003', '148S010'),
('149W001', '149S005'),
('149W001', '149S006'),
('149W001', '149S007'),
('149W001', '149S010'),
('149W002', '149S004'),
('149W002', '149S005'),
('149W002', '149S006'),
('149W003', '149S002'),
('149W003', '149S011'),
('149W003', '149S012'),
('150W001', '150S002'),
('150W001', '150S003'),
('150W001', '150S004'),
('150W002', '150S001'),
('150W002', '150S006'),
('150W002', '150S009'),
('150W003', '150S001'),
('150W003', '150S002'),
('150W003', '150S003'),
('150W003', '150S004'),
('150W003', '150S005'),
('150W004', '150S001'),
('150W004', '150S002'),
('150W004', '150S003'),
('150W004', '150S004'),
('150W004', '150S005'),
('150W005', '150S001'),
('150W005', '150S002'),
('150W005', '150S003'),
('150W005', '150S004'),
('150W005', '150S005');

-- --------------------------------------------------------

--
-- 資料表結構 `skill`
--

CREATE TABLE `skill` (
  `skill_id` varchar(10) NOT NULL,
  `C_id` int(10) NOT NULL,
  `skill_type` varchar(10) NOT NULL,
  `skill_name` varchar(20) NOT NULL
) ENGINE=InnoDB DEFAULT CHARSET=utf8mb4 COLLATE=utf8mb4_general_ci;

--
-- 傾印資料表的資料 `skill`
--

INSERT INTO `skill` (`skill_id`, `C_id`, `skill_type`, `skill_name`) VALUES
('001S001', 1, 'skill', 'untity'),
('001S002', 1, 'skill', 'Unreal engine'),
('001S003', 1, 'skill', 'Github'),
('001S004', 1, 'language', 'English'),
('001S005', 1, 'skill', 'jQuery'),
('001S006', 1, 'skill', 'Adobe'),
('001S007', 1, 'skill', 'HTML/CSS'),
('001S008', 1, 'skill', 'Javascript'),
('001S009', 1, 'skill', 'Python'),
('002S001', 2, 'skill', 'C'),
('002S002', 2, 'skill', 'C++'),
('002S003', 2, 'skill', 'Python'),
('002S004', 2, 'skill', 'Github'),
('002S005', 2, 'skill', 'HTML/CSS'),
('002S006', 2, 'skill', 'Javascript'),
('002S007', 2, 'skill', 'jQuery'),
('002S008', 2, 'skill', 'PHP'),
('003S001', 3, 'skill', 'HTML/CSS'),
('003S002', 3, 'skill', 'Javascript'),
('003S003', 3, 'skill', 'jQuery'),
('003S004', 3, 'skill', 'PHP'),
('003S005', 3, 'skill', 'R'),
('004S001', 4, 'skill', 'C'),
('004S002', 4, 'skill', 'C++'),
('004S003', 4, 'skill', 'java'),
('004S004', 4, 'skill', 'HTML/CSS'),
('004S005', 4, 'skill', 'Javascript'),
('005S001', 5, 'skill', 'C'),
('005S002', 5, 'skill', 'C++'),
('005S003', 5, 'skill', 'untity'),
('005S004', 5, 'skill', 'Javascript'),
('005S005', 5, 'skill', 'Unreal engine'),
('005S006', 5, 'skill', 'Github'),
('005S007', 5, 'skill', 'Unreal engine'),
('005S008', 5, 'language', 'English'),
('005S009', 5, 'language', 'Spanish'),
('006S001', 6, 'skill', 'C'),
('006S002', 6, 'skill', 'C++'),
('006S003', 6, 'skill', 'java'),
('006S004', 6, 'skill', 'jQuery'),
('006S005', 6, 'language', 'English'),
('007S001', 7, 'skill', 'C'),
('007S002', 7, 'skill', 'C++'),
('007S003', 7, 'skill', 'Github'),
('008S001', 8, 'skill', 'HTML/CSS'),
('008S002', 8, 'skill', 'jQuery'),
('008S003', 8, 'skill', 'C#'),
('008S004', 8, 'skill', 'Microsoft Excel'),
('009S001', 9, 'skill', 'HTML/CSS'),
('009S002', 9, 'skill', 'PHP'),
('009S003', 9, 'skill', 'C'),
('009S004', 9, 'skill', 'C++'),
('009S005', 9, 'skill', 'java'),
('009S006', 9, 'language', 'English'),
('010S001', 10, 'skill', 'C'),
('010S002', 10, 'skill', 'Python'),
('010S003', 10, 'skill', 'HTML/CSS'),
('010S004', 10, 'skill', 'Javascript'),
('010S005', 10, 'skill', 'jQuery'),
('010S006', 10, 'skill', 'PHP'),
('010S007', 10, 'skill', 'R'),
('010S008', 10, 'skill', 'C#'),
('010S009', 10, 'language', 'English'),
('011S001', 11, 'skill', 'C'),
('011S002', 11, 'skill', 'C++'),
('011S003', 11, 'skill', 'java'),
('011S004', 11, 'skill', 'HTML/CSS'),
('011S005', 11, 'skill', 'Javascript'),
('011S006', 11, 'skill', 'PHP'),
('011S007', 11, 'language', 'English'),
('011S008', 11, 'language', 'Japanese'),
('012S001', 12, 'skill', 'C'),
('012S002', 12, 'skill', 'C++'),
('012S003', 12, 'skill', 'Python'),
('012S004', 12, 'skill', 'Github'),
('013S001', 13, 'skill', 'R'),
('014S001', 14, 'skill', 'C'),
('014S002', 14, 'skill', 'C++'),
('014S003', 14, 'skill', 'java'),
('014S004', 14, 'skill', 'Github'),
('014S005', 14, 'language', 'English'),
('014S006', 14, 'language', 'Chinese'),
('015S001', 15, 'skill', 'HTML/CSS'),
('015S002', 15, 'skill', 'Javascript'),
('015S003', 15, 'skill', 'jQuery'),
('015S004', 15, 'skill', 'PHP'),
('015S005', 15, 'skill', 'C++'),
('015S006', 15, 'language', 'English'),
('016S001', 16, 'skill', 'HTML/CSS'),
('016S002', 16, 'skill', 'Javascript'),
('016S003', 16, 'skill', 'PHP'),
('016S004', 16, 'skill', 'R'),
('016S005', 16, 'skill', 'Github'),
('016S006', 16, 'skill', 'Python'),
('016S007', 16, 'language', 'English'),
('017S001', 17, 'skill', 'Python'),
('017S002', 17, 'skill', 'HTML/CSS'),
('017S003', 17, 'language', 'English'),
('018S001', 18, 'skill', 'HTML/CSS'),
('018S002', 18, 'skill', 'Javascript'),
('018S003', 18, 'skill', 'jQuery'),
('018S004', 18, 'skill', 'PHP'),
('018S005', 18, 'skill', 'R'),
('018S006', 18, 'skill', 'Microsoft Excel'),
('018S007', 18, 'language', 'English'),
('018S008', 18, 'language', 'Chinese'),
('019S001', 19, 'skill', 'HTML/CSS'),
('019S002', 19, 'skill', 'Javascript'),
('019S003', 19, 'skill', 'jQuery'),
('019S004', 19, 'skill', 'PHP'),
('019S005', 19, 'skill', 'C'),
('019S006', 19, 'skill', 'C++'),
('019S007', 19, 'skill', 'Github'),
('019S008', 19, 'skill', 'java'),
('019S009', 19, 'language', 'English'),
('019S010', 19, 'language', 'Spanish'),
('019S011', 19, 'language', 'Japanese'),
('019S012', 19, 'skill', 'Python'),
('020S001', 20, 'skill', 'C'),
('020S002', 20, 'skill', 'C++'),
('020S003', 20, 'skill', 'java'),
('020S004', 20, 'language', 'English'),
('021S001', 21, 'skill', 'HTML/CSS'),
('021S002', 21, 'skill', 'Javascript'),
('021S003', 21, 'skill', 'jQuery'),
('021S004', 21, 'skill', 'PHP'),
('021S005', 21, 'skill', 'Python'),
('021S006', 21, 'skill', 'R'),
('021S007', 21, 'language', 'Japanese'),
('022S001', 22, 'skill', 'C'),
('022S002', 22, 'skill', 'C++'),
('022S003', 22, 'skill', 'java'),
('022S004', 22, 'skill', 'HTML/CSS'),
('022S005', 22, 'skill', 'Javascript'),
('022S006', 22, 'skill', 'Adobe'),
('023S001', 23, 'skill', 'HTML/CSS'),
('023S002', 23, 'skill', 'Javascript'),
('023S003', 23, 'language', 'English'),
('023S004', 23, 'language', 'Chinese'),
('024S001', 24, 'skill', 'C'),
('024S002', 24, 'skill', 'C++'),
('024S003', 24, 'skill', 'Python'),
('024S004', 24, 'skill', 'Javascript'),
('024S005', 24, 'skill', 'jQuery'),
('024S006', 24, 'skill', 'java'),
('024S007', 24, 'skill', 'C#'),
('024S008', 24, 'language', 'English'),
('025S001', 25, 'skill', 'HTML/CSS'),
('025S002', 25, 'skill', 'Javascript'),
('025S003', 25, 'skill', 'jQuery'),
('025S004', 25, 'skill', 'PHP'),
('025S005', 25, 'skill', 'Python'),
('025S006', 25, 'language', 'English'),
('025S007', 25, 'language', 'Japanese'),
('026S001', 26, 'language', 'English'),
('026S002', 26, 'skill', 'Python'),
('026S003', 26, 'skill', 'Node.js'),
('026S004', 26, 'skill', 'Python'),
('026S005', 26, 'skill', 'C++'),
('027S001', 27, 'skill', 'HTML/CSS'),
('027S002', 27, 'skill', 'Javascript'),
('028S001', 28, 'skill', 'HTML/CSS'),
('028S002', 28, 'skill', 'Javascript'),
('028S003', 28, 'skill', 'PHP'),
('028S005', 28, 'skill', 'Node.js'),
('029S001', 29, 'language', 'japanese'),
('029S002', 29, 'language', 'English'),
('029S003', 29, 'skill', 'Node.js'),
('029S004', 29, 'skill', 'HTML/CSS'),
('030S001', 30, 'language', 'English'),
('030S002', 30, 'skill', 'Javascript'),
('030S005', 30, 'skill', 'Vue.js'),
('031S001', 31, 'skill', 'HTML/CSS'),
('031S002', 31, 'skill', 'Javascript'),
('031S003', 31, 'skill', 'jQuery'),
('031S004', 31, 'skill', 'PHP'),
('031S005', 31, 'skill', 'C'),
('031S006', 31, 'skill', 'Python'),
('031S007', 31, 'language', 'japanese'),
('032S001', 32, 'skill', 'Javascript'),
('033S001', 33, 'skill', 'Java'),
('033S002', 33, 'skill', 'Github'),
('034S001', 34, 'skill', 'HTML/CSS'),
('034S003', 34, 'skill', 'Javascript'),
('035S001', 35, 'skill', 'Java'),
('035S002', 35, 'skill', 'HTML/CSS'),
('036S001', 36, 'skill', 'HTML/CSS'),
('036S003', 36, 'skill', 'Javascript'),
('036S006', 36, 'skill', 'Vue.js'),
('037S001', 37, 'skill', 'HTML/CSS'),
('038S001', 38, 'language', 'English'),
('038S002', 38, 'language', 'Japanese'),
('038S003', 38, 'skill', 'jQuery'),
('038S004', 38, 'skill', 'HTML/CSS'),
('038S005', 38, 'skill', 'Javascript'),
('039S001', 39, 'language', 'English'),
('039S002', 39, 'skill', 'HTML/CSS'),
('039S005', 39, 'skill', 'Javascript'),
('040S001', 40, 'language', 'English'),
('040S002', 40, 'language', 'French'),
('040S003', 40, 'skill', 'HTML/CSS'),
('040S004', 40, 'skill', 'Javascript'),
('040S005', 40, 'skill', 'jQuery'),
('040S006', 40, 'skill', 'PHP'),
('040S007', 40, 'skill', 'C'),
('040S008', 40, 'skill', 'Python'),
('041S001', 41, 'skill', 'C#'),
('041S002', 41, 'skill', 'Python'),
('042S001', 42, 'skill', 'Python'),
('042S002', 42, 'skill', 'HTML/CSS'),
('043S001', 43, 'skill', 'HTML/CSS'),
('044S001', 44, 'language', 'English'),
('044S002', 44, 'language', 'Japanese'),
('044S003', 44, 'skill', 'C'),
('045S001', 45, 'skill', 'Javascript'),
('046S001', 46, 'language', 'French'),
('046S002', 46, 'skill', 'HTML/CSS'),
('046S003', 46, 'skill', 'Javascript'),
('047S001', 47, 'skill', 'Python'),
('047S002', 47, 'skill', 'Github'),
('047S003', 47, 'skill', 'HTML/CSS'),
('047S005', 47, 'language', 'English'),
('047S006', 47, 'skill', 'Javascript'),
('047S007', 47, 'skill', 'Adobe XD'),
('048S001', 48, 'skill', 'Python'),
('048S002', 48, 'skill', 'Javascript'),
('048S003', 48, 'skill', 'Node.js'),
('049S001', 49, 'skill', 'Javascript'),
('049S002', 49, 'skill', 'Adobe XD'),
('049S003', 49, 'skill', 'HTML/CSS'),
('049S004', 49, 'skill', 'Python'),
('050S001', 50, 'skill', 'Python'),
('050S002', 50, 'language', 'English'),
('050S003', 50, 'skill', 'C++'),
('051S001', 51, 'skill', 'HTML/CSS'),
('051S002', 51, 'language', 'English'),
('051S003', 51, 'skill', 'Javascript'),
('052S001', 52, 'skill', 'HTML/CSS'),
('052S002', 52, 'language', 'English'),
('052S003', 52, 'skill', 'Javascript'),
('053S001', 53, 'skill', 'HTML/CSS'),
('053S002', 53, 'skill', 'Github'),
('053S003', 53, 'language', 'English'),
('054S001', 54, 'language', 'Japanese'),
('054S002', 54, 'skill', 'Python'),
('055S001', 55, 'skill', 'Github'),
('056S001', 56, 'skill', 'HTML/CSS'),
('056S002', 56, 'skill', 'Github'),
('057S001', 57, 'language', 'English'),
('057S002', 57, 'skill', 'Javascript'),
('057S003', 57, 'skill', 'Adobe XD'),
('058S001', 58, 'skill', 'HTML/CSS'),
('058S002', 58, 'skill', 'Python'),
('058S003', 58, 'skill', 'Javascript'),
('059S001', 59, 'language', 'English'),
('059S002', 59, 'skill', 'Javascript'),
('059S003', 59, 'skill', 'Github'),
('060S001', 60, 'skill', 'HTML/CSS'),
('060S002', 60, 'skill', 'Javascript'),
('060S003', 60, 'language', 'English'),
('061S001', 61, 'skill', 'HTML/CSS'),
('061S002', 61, 'skill', 'Javascript'),
('061S003', 61, 'language', 'English'),
('061S004', 61, 'skill', 'Github'),
('061S005', 61, 'skill', 'Python'),
('062S001', 62, 'language', 'English'),
('062S002', 62, 'skill', 'Javascript'),
('062S003', 62, 'skill', 'Github'),
('062S004', 62, 'skill', 'Adobe XD'),
('063S001', 63, 'skill', 'HTML/CSS'),
('063S002', 63, 'language', 'English'),
('063S003', 63, 'skill', 'Javascript'),
('064S001', 64, 'skill', 'HTML/CSS'),
('065S001', 65, 'skill', 'Javascript'),
('065S002', 65, 'language', 'English'),
('065S003', 65, 'skill', 'Python'),
('066S001', 66, 'skill', 'HTML/CSS'),
('066S002', 66, 'skill', 'Github'),
('066S003', 66, 'language', 'English'),
('067S001', 67, 'skill', 'HTML/CSS'),
('067S002', 67, 'skill', 'Javascript'),
('067S003', 67, 'language', 'English'),
('068S001', 68, 'language', 'English'),
('068S002', 68, 'skill', 'Adobe XD'),
('068S003', 68, 'skill', 'Github'),
('069S001', 69, 'skill', 'HTML/CSS'),
('069S002', 69, 'skill', 'Javascript'),
('069S003', 69, 'language', 'English'),
('069S004', 69, 'language', 'Japanese'),
('070S001', 70, 'skill', 'Python'),
('070S002', 70, 'language', 'English'),
('071S001', 71, 'skill', 'HTML/CSS'),
('071S002', 71, 'skill', 'Javascript'),
('071S003', 71, 'language', 'English'),
('072S001', 72, 'skill', 'Adobe XD'),
('072S002', 72, 'skill', 'Github'),
('073S001', 73, 'skill', 'HTML/CSS'),
('073S002', 73, 'language', 'English'),
('073S003', 73, 'skill', 'Javascript'),
('073S004', 73, 'skill', 'Python'),
('073S005', 73, 'language', 'Japanese'),
('074S001', 74, 'skill', 'HTML/CSS'),
('074S002', 74, 'skill', 'Javascript'),
('074S003', 74, 'skill', 'Github'),
('075S001', 75, 'skill', 'HTML/CSS'),
('075S002', 75, 'language', 'English'),
('075S003', 75, 'skill', 'Javascript'),
('075S004', 75, 'skill', 'Adobe XD'),
('075S005', 75, 'skill', 'Python'),
('075S006', 75, 'language', 'Japanese'),
('076S001', 76, 'skill', 'C'),
('076S002', 76, 'skill', 'C++'),
('076S003', 76, 'skill', 'Python'),
('076S004', 76, 'skill', 'Javascript'),
('076S005', 76, 'skill', 'jQuery'),
('076S006', 76, 'skill', 'java'),
('076S007', 76, 'skill', 'C#'),
('076S008', 76, 'language', 'English'),
('077S001', 77, 'skill', 'HTML/CSS'),
('077S002', 77, 'skill', 'Javascript'),
('077S003', 77, 'skill', 'jQuery'),
('077S004', 77, 'skill', 'PHP'),
('077S005', 77, 'skill', 'Python'),
('077S006', 77, 'skill', 'R'),
('077S007', 77, 'language', 'Japanese'),
('078S001', 78, 'skill', 'HTML/CSS'),
('078S002', 78, 'skill', 'Javascript'),
('078S003', 78, 'skill', 'jQuery'),
('078S004', 78, 'skill', 'PHP'),
('078S005', 78, 'skill', 'C'),
('078S006', 78, 'skill', 'C++'),
('078S007', 78, 'skill', 'Github'),
('078S008', 78, 'skill', 'java'),
('078S009', 78, 'language', 'English'),
('079S001', 79, 'skill', 'C'),
('079S002', 79, 'skill', 'C++'),
('079S003', 79, 'skill', 'Python'),
('079S004', 79, 'skill', 'Javascript'),
('079S005', 79, 'language', 'English'),
('080S001', 80, 'skill', 'HTML/CSS'),
('080S002', 80, 'skill', 'Javascript'),
('080S003', 80, 'skill', 'jQuery'),
('080S004', 80, 'skill', 'PHP'),
('080S005', 80, 'language', 'English'),
('081S001', 81, 'skill', 'HTML/CSS'),
('081S002', 81, 'skill', 'Javascript'),
('081S003', 81, 'skill', 'jQuery'),
('081S004', 81, 'skill', 'PHP'),
('081S005', 81, 'skill', 'C'),
('081S006', 81, 'skill', 'C++'),
('081S007', 81, 'language', 'English'),
('082S001', 82, 'skill', 'HTML/CSS'),
('082S002', 82, 'skill', 'Javascript'),
('082S003', 82, 'skill', 'jQuery'),
('082S004', 82, 'skill', 'PHP'),
('082S005', 82, 'language', 'English'),
('083S001', 83, 'skill', 'C'),
('083S002', 83, 'skill', 'C++'),
('083S003', 83, 'skill', 'Python'),
('083S004', 83, 'skill', 'HTML/CSS'),
('083S005', 83, 'skill', 'Javascript'),
('083S006', 83, 'language', 'English'),
('084S001', 84, 'skill', 'C'),
('084S002', 84, 'skill', 'C++'),
('084S003', 84, 'skill', 'HTML/CSS'),
('084S004', 84, 'skill', 'Javascript'),
('084S005', 84, 'language', 'English'),
('085S001', 85, 'skill', 'Python'),
('085S002', 85, 'skill', 'HTML/CSS'),
('085S003', 85, 'skill', 'Javascript'),
('085S004', 85, 'language', 'English'),
('086S001', 86, 'skill', 'HTML/CSS'),
('086S002', 86, 'skill', 'Javascript'),
('086S003', 86, 'skill', 'Python'),
('086S004', 86, 'skill', 'R'),
('086S005', 86, 'language', 'Japanese'),
('087S001', 87, 'skill', 'jQuery'),
('087S002', 87, 'skill', 'PHP'),
('087S003', 87, 'skill', 'Python'),
('087S004', 87, 'skill', 'R'),
('087S005', 87, 'language', 'Japanese'),
('088S001', 88, 'skill', 'HTML/CSS'),
('088S002', 88, 'skill', 'Python'),
('088S003', 88, 'skill', 'R'),
('088S004', 88, 'language', 'Japanese'),
('089S001', 89, 'skill', 'HTML/CSS'),
('089S002', 89, 'skill', 'Python'),
('089S003', 89, 'skill', 'R'),
('089S004', 89, 'language', 'Japanese'),
('090S001', 90, 'skill', 'PHP'),
('090S002', 90, 'skill', 'Python'),
('090S003', 90, 'skill', 'R'),
('090S004', 90, 'language', 'Japanese'),
('091S001', 91, 'skill', 'C'),
('091S002', 91, 'skill', 'Python'),
('091S003', 91, 'skill', 'HTML/CSS'),
('091S004', 91, 'skill', 'Javascript'),
('091S005', 91, 'skill', 'jQuery'),
('091S006', 91, 'skill', 'PHP'),
('091S007', 91, 'skill', 'R'),
('091S008', 91, 'skill', 'C#'),
('091S009', 91, 'language', 'English'),
('092S001', 92, 'skill', 'C'),
('092S002', 92, 'skill', 'Python'),
('092S003', 92, 'skill', 'PHP'),
('092S004', 92, 'skill', 'R'),
('092S005', 92, 'skill', 'C#'),
('092S006', 92, 'language', 'English'),
('093S001', 93, 'skill', 'C'),
('093S002', 93, 'skill', 'HTML/CSS'),
('093S003', 93, 'skill', 'Javascript'),
('093S004', 93, 'skill', 'jQuery'),
('093S005', 93, 'skill', 'C#'),
('093S006', 93, 'language', 'English'),
('094S001', 94, 'skill', 'C'),
('094S002', 94, 'skill', 'R'),
('094S003', 94, 'skill', 'C#'),
('094S004', 94, 'language', 'English'),
('095S001', 95, 'skill', 'jQuery'),
('095S002', 95, 'skill', 'PHP'),
('095S003', 95, 'skill', 'C'),
('095S004', 95, 'skill', 'R'),
('095S005', 95, 'skill', 'C#'),
('095S006', 95, 'language', 'English'),
('096S001', 96, 'skill', 'jQuery'),
('096S002', 96, 'skill', 'PHP'),
('096S003', 96, 'skill', 'R'),
('096S004', 96, 'skill', 'C#'),
('096S005', 96, 'language', 'English'),
('097S001', 97, 'skill', 'Javascript'),
('097S002', 97, 'skill', 'C'),
('097S003', 97, 'skill', 'R'),
('097S004', 97, 'skill', 'C#'),
('097S005', 97, 'language', 'English'),
('098S001', 98, 'skill', 'jQuery'),
('098S002', 98, 'skill', 'HTML/CSS'),
('098S003', 98, 'skill', 'PHP'),
('098S004', 98, 'skill', 'R'),
('098S005', 98, 'skill', 'C#'),
('098S006', 98, 'language', 'English'),
('099S001', 99, 'skill', 'jQuery'),
('099S002', 99, 'skill', 'C'),
('099S003', 99, 'skill', 'R'),
('099S004', 99, 'skill', 'C#'),
('099S005', 99, 'language', 'English'),
('100S001', 100, 'skill', 'jQuery'),
('100S002', 100, 'skill', 'HTML/CSS'),
('100S003', 100, 'skill', 'Javascript'),
('100S004', 100, 'skill', 'PHP'),
('100S005', 100, 'skill', 'R'),
('100S006', 100, 'skill', 'Github'),
('100S007', 100, 'skill', 'Python'),
('100S008', 100, 'language', 'English'),
('101S001', 101, 'skill', 'JavaScript'),
('101S002', 101, 'skill', 'Python'),
('101S003', 101, 'skill', 'SQL'),
('101S004', 101, 'language', 'Chinese'),
('101S005', 101, 'language', 'English'),
('102S001', 102, 'skill', 'HTML'),
('102S002', 102, 'skill', 'CSS'),
('102S003', 102, 'skill', 'Java'),
('102S004', 102, 'skill', 'Microsoft Excel'),
('102S005', 102, 'language', 'Chinese'),
('102S006', 102, 'language', 'English'),
('103S001', 103, 'skill', 'C++'),
('103S002', 103, 'skill', 'MATLAB'),
('104S001', 104, 'skill', 'PHP'),
('104S002', 104, 'skill', 'R'),
('104S003', 104, 'skill', 'Ruby'),
('104S004', 104, 'skill', 'Tableau'),
('104S005', 104, 'skill', 'SAS'),
('104S006', 104, 'skill', 'Microsoft PowerPoint'),
('104S007', 104, 'language', 'Chinese'),
('105S001', 105, 'skill', 'Swift'),
('105S002', 105, 'language', 'Chinese'),
('105S003', 105, 'language', 'English'),
('105S004', 105, 'language', 'Japanese'),
('106S001', 106, 'skill', 'Go'),
('106S002', 106, 'skill', 'Kotlin'),
('106S003', 106, 'skill', 'Lua'),
('106S004', 106, 'skill', 'Perl'),
('106S005', 106, 'skill', 'Shell'),
('106S006', 106, 'language', 'Chinese'),
('106S007', 106, 'language', 'English'),
('107S001', 107, 'skill', 'C#'),
('107S002', 107, 'skill', 'Scala'),
('107S003', 107, 'language', 'Chinese'),
('107S004', 107, 'language', 'English'),
('108S001', 108, 'skill', 'VB.NET'),
('108S002', 108, 'skill', 'Ruby'),
('108S003', 108, 'skill', 'Swift'),
('108S004', 108, 'language', 'Chinese'),
('108S005', 108, 'language', 'English'),
('109S001', 109, 'skill', 'HTML'),
('109S002', 109, 'skill', 'CSS'),
('109S003', 109, 'language', 'Chinese'),
('109S004', 109, 'language', 'English'),
('109S005', 109, 'language', 'French'),
('110S001', 110, 'skill', 'Java'),
('110S002', 110, 'skill', 'SQL'),
('110S003', 110, 'skill', 'Microsoft Excel'),
('110S004', 110, 'skill', 'Python'),
('110S005', 110, 'language', 'English'),
('110S006', 110, 'language', 'Korean'),
('110S007', 110, 'language', 'Japanese'),
('111S001', 111, 'skill', 'C++'),
('111S002', 111, 'skill', 'R'),
('111S003', 111, 'skill', 'MATLAB'),
('111S004', 111, 'language', 'Chinese'),
('111S005', 111, 'language', 'English'),
('112S001', 112, 'skill', 'PHP'),
('112S002', 112, 'skill', 'SQL'),
('112S003', 112, 'skill', 'HTML'),
('112S004', 112, 'language', 'English'),
('113S001', 113, 'skill', 'Ruby'),
('113S002', 113, 'skill', 'Tableau'),
('113S003', 113, 'skill', 'SAS'),
('113S004', 113, 'skill', 'Microsoft Excel'),
('113S005', 113, 'skill', 'SQL'),
('113S006', 113, 'language', 'Chinese'),
('113S007', 113, 'language', 'German'),
('114S001', 114, 'skill', 'Python'),
('114S002', 114, 'skill', 'Perl'),
('114S003', 114, 'skill', 'Shell'),
('114S004', 114, 'skill', 'Microsoft Excel'),
('114S005', 114, 'skill', 'Microsoft PowerPoint'),
('114S006', 114, 'language', 'Japanese'),
('114S007', 114, 'language', 'Spanish'),
('114S008', 114, 'language', 'Chinese'),
('114S009', 114, 'language', 'English'),
('115S001', 115, 'skill', 'C#'),
('115S002', 115, 'skill', 'Scala'),
('115S003', 115, 'skill', 'Go'),
('115S004', 115, 'skill', 'Kotlin'),
('115S005', 115, 'language', 'Chinese'),
('115S006', 115, 'language', 'English'),
('116S001', 116, 'skill', 'Lua'),
('116S002', 116, 'skill', 'VB.NET'),
('116S003', 116, 'skill', 'PHP'),
('116S004', 116, 'skill', 'SQL'),
('116S005', 116, 'skill', 'HTML'),
('116S006', 116, 'skill', 'Oracle Financials'),
('116S007', 116, 'skill', 'SAP'),
('116S008', 116, 'skill', 'Microsoft Excel'),
('116S009', 116, 'language', 'Chinese'),
('116S010', 116, 'language', 'English'),
('117S001', 117, 'skill', 'Swift'),
('117S002', 117, 'language', 'Chinese'),
('117S003', 117, 'language', 'English'),
('118S001', 118, 'skill', 'HTML'),
('118S002', 118, 'skill', 'CSS'),
('118S003', 118, 'skill', 'JavaScript'),
('118S004', 118, 'language', 'Chinese'),
('118S005', 118, 'language', 'English'),
('119S001', 119, 'skill', 'SQL'),
('119S002', 119, 'skill', 'Microsoft Excel'),
('119S003', 119, 'language', 'English'),
('120S001', 120, 'skill', 'Python'),
('120S002', 120, 'skill', 'R'),
('120S003', 120, 'skill', 'MATLAB'),
('120S004', 120, 'skill', 'Ruby'),
('120S005', 120, 'skill', 'Tableau'),
('120S006', 120, 'language', 'English'),
('121S001', 121, 'skill', 'SAS'),
('121S002', 121, 'skill', 'Microsoft Excel'),
('121S003', 121, 'skill', 'SQL'),
('121S004', 121, 'skill', 'Python'),
('121S005', 121, 'skill', 'Perl'),
('121S006', 121, 'skill', 'Shell'),
('122S001', 122, 'skill', 'C#'),
('122S002', 122, 'skill', 'Scala'),
('122S003', 122, 'skill', 'Go'),
('122S004', 122, 'skill', 'Kotlin'),
('122S005', 122, 'language', 'Chinese'),
('122S006', 122, 'language', 'English'),
('123S001', 123, 'skill', 'Lua'),
('123S002', 123, 'skill', 'VB.NET'),
('123S003', 123, 'language', 'Chinese'),
('123S004', 123, 'language', 'English'),
('124S001', 124, 'skill', 'Swift'),
('124S002', 124, 'skill', 'HTML'),
('124S003', 124, 'skill', 'CSS'),
('124S004', 124, 'language', 'English'),
('125S001', 125, 'language', 'Chinese'),
('125S002', 125, 'language', 'English'),
('125S003', 125, 'skill', 'Microsoft Excel'),
('125S004', 125, 'skill', 'SQL'),
('125S005', 125, 'skill', 'HTML'),
('125S006', 125, 'skill', 'CSS'),
('125S007', 125, 'skill', 'JavaScript'),
('125S008', 125, 'language', 'Japanese'),
('125S009', 125, 'skill', 'Microsoft Word'),
('125S010', 125, 'skill', 'Microsoft PowerPoint'),
('126S001', 126, 'skill', 'HTML/CSS'),
('126S002', 126, 'skill', 'Javascript'),
('126S003', 126, 'skill', 'jQuery'),
('126S004', 126, 'skill', 'PHP'),
('126S005', 126, 'skill', 'C'),
('126S006', 126, 'language', 'English'),
('127S001', 127, 'skill', 'HTML/CSS'),
('127S002', 127, 'skill', 'Javascript'),
('127S003', 127, 'skill', 'jQuery'),
('127S004', 127, 'skill', 'PHP'),
('127S005', 127, 'skill', 'C'),
('127S006', 127, 'skill', 'Python'),
('127S007', 127, 'language', 'English'),
('127S008', 127, 'language', 'Japanese'),
('128S001', 128, 'skill', 'HTML/CSS'),
('128S002', 128, 'skill', 'Javascript'),
('128S003', 128, 'skill', 'jQuery'),
('128S004', 128, 'skill', 'PHP'),
('128S005', 128, 'skill', 'C'),
('128S006', 128, 'skill', 'Python'),
('128S007', 128, 'language', 'English'),
('129S001', 129, 'skill', 'HTML/CSS'),
('129S002', 129, 'skill', 'Javascript'),
('129S003', 129, 'skill', 'jQuery'),
('129S004', 129, 'skill', 'PHP'),
('129S005', 129, 'skill', 'C'),
('129S006', 129, 'skill', 'Python'),
('129S007', 129, 'language', 'English'),
('129S008', 129, 'language', 'French'),
('130S001', 130, 'skill', 'HTML/CSS'),
('130S002', 130, 'skill', 'Javascript'),
('130S003', 130, 'skill', 'jQuery'),
('130S004', 130, 'skill', 'PHP'),
('130S005', 130, 'skill', 'C'),
('130S006', 130, 'skill', 'Python'),
('130S007', 130, 'skill', 'Vue.js'),
('130S008', 130, 'skill', 'React.js'),
('130S009', 130, 'language', 'English'),
('131S001', 131, 'skill', 'HTML/CSS'),
('131S002', 131, 'skill', 'Javascript'),
('131S003', 131, 'skill', 'jQuery'),
('131S004', 131, 'skill', 'C'),
('131S005', 131, 'skill', 'Python'),
('131S006', 131, 'language', 'English'),
('132S001', 132, 'skill', 'Javascript'),
('132S002', 132, 'skill', 'jQuery'),
('132S003', 132, 'skill', 'PHP'),
('132S004', 132, 'skill', 'Python'),
('132S005', 132, 'skill', 'Github'),
('132S006', 132, 'skill', 'C'),
('132S007', 132, 'language', 'English'),
('133S001', 133, 'skill', 'HTML/CSS'),
('133S002', 133, 'skill', 'PHP'),
('133S003', 133, 'skill', 'jQuery'),
('133S004', 133, 'skill', 'React.js'),
('133S005', 133, 'skill', 'Gatsby.js'),
('133S006', 133, 'skill', 'd3.js'),
('133S007', 133, 'language', 'Malay'),
('133S008', 133, 'language', 'English'),
('134S001', 134, 'skill', 'HTML/CSS'),
('134S002', 134, 'skill', 'Javascript'),
('134S003', 134, 'skill', 'jQuery'),
('134S004', 134, 'skill', 'PHP'),
('134S005', 134, 'skill', 'C'),
('134S006', 134, 'language', 'English'),
('134S007', 134, 'language', 'French'),
('134S008', 134, 'language', 'Japanese'),
('135S001', 135, 'skill', 'HTML/CSS'),
('135S002', 135, 'skill', 'Javascript'),
('135S003', 135, 'skill', 'jQuery'),
('135S004', 135, 'skill', 'PHP'),
('135S005', 135, 'skill', 'C'),
('135S006', 135, 'skill', 'R'),
('135S007', 135, 'language', 'English'),
('136S001', 136, 'skill', 'HTML/CSS'),
('136S002', 136, 'skill', 'Javascript'),
('136S003', 136, 'skill', 'PHP'),
('136S004', 136, 'skill', 'Python'),
('136S005', 136, 'skill', 'C'),
('136S006', 136, 'skill', 'Photoshop'),
('136S007', 136, 'language', 'English'),
('137S001', 137, 'skill', 'HTML/CSS'),
('137S002', 137, 'skill', 'Javascript'),
('137S003', 137, 'skill', 'jQuery'),
('137S004', 137, 'skill', 'PHP'),
('137S005', 137, 'skill', 'C'),
('137S006', 137, 'skill', 'Python'),
('137S007', 137, 'language', 'English'),
('138S001', 138, 'skill', 'HTML/CSS'),
('138S002', 138, 'skill', 'Javascript'),
('138S003', 138, 'skill', 'jQuery'),
('138S004', 138, 'skill', 'PHP'),
('138S005', 138, 'skill', 'C'),
('138S006', 138, 'skill', 'Python'),
('138S007', 138, 'language', 'English'),
('138S008', 138, 'language', 'Malay'),
('139S001', 139, 'skill', 'HTML/CSS'),
('139S002', 139, 'skill', 'Javascript'),
('139S003', 139, 'skill', 'jQuery'),
('139S004', 139, 'skill', 'PHP'),
('139S005', 139, 'skill', 'React.js'),
('139S006', 139, 'skill', 'Vue.js'),
('139S007', 139, 'skill', 'Bootstrap'),
('139S008', 139, 'language', 'English'),
('140S001', 140, 'skill', 'HTML/CSS'),
('140S002', 140, 'skill', 'C'),
('140S003', 140, 'skill', 'jQuery'),
('140S004', 140, 'skill', 'PHP'),
('140S005', 140, 'skill', 'React.js'),
('140S006', 140, 'skill', 'Vue.js'),
('140S007', 140, 'skill', 'Bootstrap'),
('140S008', 140, 'skill', 'Node.js'),
('140S009', 140, 'language', 'English'),
('140S010', 140, 'language', 'Japanese'),
('141S001', 141, 'skill', 'HTML/CSS'),
('141S002', 141, 'skill', 'Javascript'),
('141S003', 141, 'skill', 'jQuery'),
('141S004', 141, 'skill', 'PHP'),
('141S005', 141, 'skill', 'React.js'),
('141S006', 141, 'skill', 'Redux'),
('141S007', 141, 'skill', 'Node.js'),
('141S008', 141, 'skill', 'Vue.js'),
('141S009', 141, 'language', 'English'),
('142S001', 142, 'skill', 'HTML/CSS'),
('142S002', 142, 'skill', 'Javascript'),
('142S003', 142, 'skill', 'jQuery'),
('142S004', 142, 'skill', 'Gatsby.js'),
('142S005', 142, 'skill', 'React.js'),
('142S006', 142, 'skill', 'Redux'),
('142S007', 142, 'skill', 'Bootstrap'),
('142S008', 142, 'skill', 'Marvelapp'),
('142S009', 142, 'skill', 'Sketch'),
('142S010', 142, 'language', 'English'),
('142S011', 142, 'language', 'Japanese'),
('142S012', 142, 'language', 'Korean'),
('143S001', 143, 'skill', 'HTML/CSS'),
('143S002', 143, 'skill', 'Javascript'),
('143S003', 143, 'skill', 'jQuery'),
('143S004', 143, 'skill', 'Gatsby.js'),
('143S005', 143, 'skill', 'React.js'),
('143S006', 143, 'skill', 'Node.js'),
('143S007', 143, 'skill', 'Bootstrap'),
('143S008', 143, 'skill', 'Adobe XD'),
('143S009', 143, 'skill', 'Sketch'),
('143S010', 143, 'skill', 'Photoshop'),
('143S011', 143, 'language', 'English'),
('144S001', 144, 'skill', 'HTML/CSS'),
('144S002', 144, 'skill', 'Javascript'),
('144S003', 144, 'skill', 'jQuery'),
('144S004', 144, 'skill', 'PHP'),
('144S005', 144, 'skill', 'React.js'),
('144S006', 144, 'skill', 'Marvelapp'),
('144S007', 144, 'skill', 'd3.js'),
('144S008', 144, 'language', 'English'),
('145S001', 145, 'skill', 'HTML/CSS'),
('145S002', 145, 'skill', 'Javascript'),
('145S003', 145, 'skill', 'jQuery'),
('145S004', 145, 'skill', 'PHP'),
('145S005', 145, 'skill', 'Python'),
('145S006', 145, 'skill', 'React.js'),
('145S007', 145, 'skill', 'Gatsby.js'),
('145S008', 145, 'skill', 'Node.js'),
('145S009', 145, 'skill', 'AutoCAD'),
('145S010', 145, 'skill', 'Github'),
('145S011', 145, 'language', 'English'),
('146S001', 146, 'skill', 'HTML/CSS'),
('146S002', 146, 'skill', 'jQuery'),
('146S003', 146, 'skill', 'React.js'),
('146S004', 146, 'skill', 'Node.js'),
('146S005', 146, 'skill', 'Marvelapp'),
('146S006', 146, 'skill', 'd3.js'),
('146S007', 146, 'skill', 'Photoshop'),
('146S008', 146, 'skill', 'Sketch'),
('146S009', 146, 'language', 'English'),
('146S010', 146, 'language', 'Spanish'),
('147S001', 147, 'skill', 'HTML/CSS'),
('147S002', 147, 'skill', 'Javascript'),
('147S003', 147, 'skill', 'jQuery'),
('147S004', 147, 'skill', 'PHP'),
('147S005', 147, 'skill', 'React.js'),
('147S006', 147, 'skill', 'Gatsby.js'),
('147S007', 147, 'skill', 'C'),
('147S008', 147, 'skill', 'C++'),
('147S009', 147, 'language', 'English'),
('148S001', 148, 'skill', 'Unity'),
('148S002', 148, 'skill', 'Github'),
('148S003', 148, 'skill', 'HTML/CSS'),
('148S004', 148, 'skill', 'Javascript'),
('148S005', 148, 'skill', 'Python'),
('148S006', 148, 'skill', 'C++'),
('148S007', 148, 'skill', 'C'),
('148S008', 148, 'skill', 'PHP'),
('148S009', 148, 'skill', 'React.js'),
('148S010', 148, 'skill', 'Gatsby.js'),
('148S011', 148, 'skill', 'Photoshop'),
('148S012', 148, 'language', 'English'),
('149S001', 149, 'skill', 'HTML/CSS'),
('149S002', 149, 'skill', 'Javascript'),
('149S003', 149, 'skill', 'PHP'),
('149S004', 149, 'skill', 'Python'),
('149S005', 149, 'skill', 'React.js'),
('149S006', 149, 'skill', 'Node.js'),
('149S007', 149, 'skill', 'jQuery'),
('149S008', 149, 'skill', 'C++'),
('149S009', 149, 'skill', 'C'),
('149S010', 149, 'skill', 'Vue.js'),
('149S011', 149, 'language', 'English'),
('149S012', 149, 'language', 'Japanese'),
('150S001', 150, 'skill', 'HTML/CSS'),
('150S002', 150, 'skill', 'Javascript'),
('150S003', 150, 'skill', 'jQuery'),
('150S004', 150, 'skill', 'PHP'),
('150S005', 150, 'skill', 'Github'),
('150S006', 150, 'skill', 'Photoshop'),
('150S007', 150, 'skill', 'Microsoft Word'),
('150S008', 150, 'skill', 'Microsoft Excel'),
('150S009', 150, 'skill', 'Microsoft PowerPoint'),
('150S010', 150, 'language', 'English'),
('177S001', 177, 'language', 'English'),
('177S002', 177, 'language', 'French'),
('177S003', 177, 'skill', 'HTML/CSS'),
('177S004', 177, 'skill', 'Javascript'),
('177S005', 177, 'skill', 'jQuery'),
('178S001', 178, 'skill', 'PHP'),
('178S002', 178, 'skill', 'C'),
('178S003', 178, 'skill', 'Python'),
('179S001', 179, 'skill', 'Vue.js'),
('180S001', 180, 'skill', 'React.js'),
('180S002', 180, 'language', 'English'),
('181S001', 181, 'skill', 'HTML/CSS'),
('181S002', 181, 'skill', 'Python'),
('181S003', 181, 'language', 'English'),
('181S004', 181, 'language', 'Japanese'),
('182S001', 182, 'skill', 'HTML/CSS'),
('182S002', 182, 'skill', 'Javascript'),
('183S001', 183, 'skill', 'jQuery'),
('183S002', 183, 'skill', 'PHP'),
('183S003', 183, 'skill', 'HTML/CSS'),
('184S001', 184, 'skill', 'Javascript'),
('184S002', 184, 'skill', 'C'),
('185S001', 185, 'skill', 'C++'),
('186S001', 186, 'skill', 'Python'),
('186S002', 186, 'skill', 'Javascript'),
('186S003', 186, 'skill', 'jQuery'),
('187S001', 187, 'skill', 'java'),
('187S002', 187, 'skill', 'C#'),
('188S001', 188, 'language', 'English'),
('189S001', 189, 'skill', 'HTML/CSS'),
('190S001', 190, 'skill', 'Javascript'),
('191S001', 191, 'skill', 'jQuery'),
('192S001', 192, 'skill', 'jQuery'),
('193S001', 193, 'skill', 'PHP'),
('193S002', 193, 'skill', 'C'),
('194S001', 194, 'skill', 'Python'),
('194S002', 194, 'language', 'English'),
('194S003', 194, 'language', 'French'),
('195S001', 195, 'skill', 'HTML/CSS'),
('196S001', 196, 'skill', 'Javascript'),
('196S002', 196, 'skill', 'jQuery'),
('196S003', 196, 'skill', 'PHP'),
('196S004', 196, 'skill', 'C'),
('197S001', 197, 'skill', 'Python'),
('198S001', 198, 'skill', 'Vue.js'),
('198S002', 198, 'skill', 'React.js'),
('199S001', 199, 'language', 'English'),
('199S002', 199, 'skill', 'HTML/CSS'),
('200S001', 200, 'skill', 'Javascript'),
('200S002', 200, 'skill', 'jQuery'),
('200S003', 200, 'skill', 'C'),
('201S001', 201, 'skill', 'Python'),
('201S002', 201, 'language', 'English'),
('201S003', 201, 'skill', 'Javascript');

-- --------------------------------------------------------

--
-- 資料表結構 `work_experience`
--

CREATE TABLE `work_experience` (
  `work_id` varchar(10) NOT NULL,
  `C_id` int(11) NOT NULL,
  `work_name` varchar(30) NOT NULL,
  `work_position` varchar(20) NOT NULL,
  `work_type` varchar(100) NOT NULL,
  `work_start_year` year(4) NOT NULL,
  `work_start_month` int(11) NOT NULL,
  `work_end_year` year(4) NOT NULL,
  `work_end_month` int(11) NOT NULL,
  `work_detail` varchar(1000) NOT NULL
) ENGINE=InnoDB DEFAULT CHARSET=utf8mb4 COLLATE=utf8mb4_general_ci;

--
-- 傾印資料表的資料 `work_experience`
--

INSERT INTO `work_experience` (`work_id`, `C_id`, `work_name`, `work_position`, `work_type`, `work_start_year`, `work_start_month`, `work_end_year`, `work_end_month`, `work_detail`) VALUES
('001W001', 1, '168 gaming company', 'game programmer', '', '2019', 5, '2023', 2, '1.Developed game named \"Moliow jump\" \n2.Developed game named \"cockroach simulator\" \n3.leading a 15 members group'),
('002W001', 2, 'Reeeee Technology Co., Ltd.', 'front-end developer', '', '2014', 10, '2015', 7, '1.Designed and implemented web appliecations along with Third-party software integrations as a web team liaison.\n2. Assist on website maintenance.'),
('002W002', 2, 'Assberg Technology Co., Ltd.', 'front-end developer', '', '2016', 1, '2020', 12, '1. Designed and implemented web appliecations along with Third-party software integrations as a web team liaison.\n2. Assist on website maintenance.\n3. Design Company??s website'),
('002W003', 2, 'Hamboogo Technology Co., Ltd.', 'web designer', '', '2017', 10, '2019', 2, '1. Design Company??s website\n2. Assist on website maintenance.'),
('004W001', 4, 'Soga Digital Marketing Co., Lt', 'web designer', '', '2021', 8, '2023', 2, '1. Company social media management.\n 2. Redesign Compnay website\n 3. Assist on website maintenance.'),
('005W001', 5, 'Weeeeee Entertainment Co., Ltd', 'game programmer', '', '2012', 4, '2022', 3, '1.Developed game named \"konbawasami part 1\" \n2.Developed game named \"konbawasami part2\" \n3.leading a 30 members group'),
('008W001', 8, 'Patrick Digital Marketing Co.,', 'web designer', '', '2022', 7, '2023', 5, '1.Designed and implemented web appliecations along with Third-party software integrations as a web team liaison.\n2.Website maintenance.'),
('011W001', 11, 'gologolo Technology Co., Ltd.', 'front-end developer', '', '2018', 9, '2021', 4, '1. Designed and implemented web appliecations along with Third-party software integrations as a web team liaison.\n 2. Developed a server to balidate membership and track digital badges being used'),
('011W002', 11, 'logologo  Digital Marketing Co', 'front-end developer', '', '2020', 3, '2023', 3, '1. Designed and implemented web appliecations along with Third-party software integrations as a web team liaison.\n2. Design Company??s website'),
('016W001', 16, 'redhead Technology Co., Ltd.', 'web designer', '', '2022', 10, '2023', 4, '1. Design Company??s website\n2. Assist on website maintenance.'),
('019W001', 19, 'KKJS Technology Co., Ltd.', 'front-end developer', '', '2014', 11, '2016', 10, ' 1. Redesign Compnay website\r\n 2. Assist on website maintenance.'),
('019W002', 19, 'Asabich Technology Co., Ltd.bi', 'front-end developer', '', '2017', 2, '2023', 3, '1. Designed and implemented web appliecations along with Third-party software integrations as a web team liaison.\n2. Assist on website maintenance.\n3. Design Company??s website'),
('021W001', 21, 'Doga Digital Marketing Co., Lt', 'web designer', '', '2018', 9, '2023', 1, '1. Assist on website maintenance.\n2. Design Company??s website'),
('025W001', 25, 'Picachu Technology Co., Ltd.', 'web designer', '', '2020', 8, '2021', 10, '1. Design Company??s website'),
('025W002', 25, 'Pichuca Digital Marketing Co.,', 'front-end developer', '', '2021', 11, '2023', 4, '1. Assist on website maintenance.'),
('026W001', 26, 'WebTech Solutions', 'Front-end Developer', '', '2015', 9, '2018', 2, 'Develop responsive and user-friendly web interfaces.\r\nImplement interactive features using HTML, CSS, and JavaScript.\r\nCollaborate with design teams to create visually appealing layouts.'),
('026W002', 26, 'CodeCraft Studios', 'Front-end Developer', '', '2018', 4, '2023', 3, 'Develop responsive and user-friendly web interfaces.\r\nImplement interactive features using HTML, CSS, and JavaScript.\r\nCollaborate with design teams to create visually appealing layouts.'),
('027W001', 27, 'PixelPerfect Designs', 'UI/UX Designer', '', '2016', 10, '2020', 1, 'Design intuitive and visually appealing user interfaces for websites.\nCreate wireframes and prototypes to demonstrate user flows.'),
('027W002', 27, 'WebMasters Inc.', 'UI/UX Designer', '', '2020', 3, '2023', 6, 'Collaborate with developers to ensure seamless implementation of designs.'),
('028W001', 28, 'WebMasters Inc.', 'Full Stack Developer', '', '2018', 8, '2020', 1, 'Develop and maintain both front-end and back-end components of web applications.'),
('028W002', 28, 'CreativeWeb Agency', 'Front-end Designer', '', '2020', 5, '2021', 1, 'Design visually stunning and creative web interfaces.\nDevelop prototypes and iterate based on user feedback.'),
('028W003', 28, 'TechNinja Labs', 'Front-end Designer', '', '2021', 2, '2023', 2, 'Collaborate with developers to implement designs accurately.'),
('029W001', 29, 'WebFlow Solutions', 'Front-end Architect', '', '2019', 10, '2023', 4, 'Define and implement front-end architecture and best practices.\nMentor and guide junior developers in coding standards.\nCollaborate with cross-functional teams to drive project success.'),
('030W001', 30, 'UXVisionaries', 'UX Researcher', '', '2018', 10, '2020', 2, 'Conduct user research and gather insights for design decisions.\nCreate user personas and user journey maps.\nCollaborate with designers and developers to iterate on user experiences.'),
('030W002', 30, 'WebFlow Solutions', 'Front-end Developer', '', '2021', 1, '2023', 3, 'Develop complex web applications using JavaScript frameworks.\nImplement responsive designs and ensure code quality.'),
('031W001', 31, 'InteractiveDesign Studio', 'Front-end Designer', '', '2012', 10, '2015', 2, 'Develop and maintain e-commerce websites with a focus on front-end functionality.'),
('031W002', 31, 'E-commerce Solutions Ltd.', 'Front-end Designer', '', '2015', 7, '2020', 1, 'Implement payment gateways and shopping cart features.\nCollaborate with UI/UX designers to enhance the user shopping experience.'),
('031W003', 31, 'TechSavvy Solutions', 'Front-end Designer', '', '2020', 5, '2023', 2, 'Create animations and interactive elements using HTML, CSS, and JavaScript.\r\nCollaborate with developers to ensure seamless integration.'),
('033W001', 33, 'WebAnalytics Inc.', 'Web Analytics Specia', '', '2021', 4, '2023', 2, 'Implement web analytics tracking codes and tools.\nAnalyze user behavior and provide insights for website optimization.\nCollaborate with developers to implement data-driven features.'),
('034W001', 34, 'TechNinja Labs', 'Front-end Developer', '', '2018', 5, '2019', 1, 'Develop complex web applications using JavaScript frameworks.\nImplement responsive designs and ensure code quality.'),
('034W002', 34, 'CreativeWeb Agency', 'Full Stack Developer', '', '2019', 2, '2023', 2, 'Implement responsive designs and optimize performance.\nCollaborate with UI/UX designers and stakeholders to meet project requirements.'),
('035W001', 35, 'MobileFirst Technologies', 'Mobile Front-end Dev', '', '2015', 7, '2023', 1, 'Develop mobile applications with a focus on front-end development.\nImplement responsive designs and optimize performance.\nCollaborate with backend developers to integrate APIs.'),
('036W001', 36, 'TechSavvy Solutions', 'Front-end Performanc', '', '2019', 5, '2020', 1, 'Conduct performance audits and provide recommendations for improvement.'),
('036W002', 36, 'DesignCode Studios', 'Front-end Developer', '', '2020', 4, '2021', 2, 'Design and develop visually stunning web interfaces.'),
('036W003', 36, 'CloudWeb Solutions', 'Cloud Front-end Deve', '', '2022', 1, '2023', 1, 'Integrate cloud services and APIs for scalable solutions.\nCollaborate with backend developers to ensure seamless data flow.'),
('037W001', 37, 'PixelPerfect Designs', 'UI/UX Designer', '', '2017', 6, '2020', 2, 'Develop responsive and user-friendly web interfaces.\r\nImplement interactive features using HTML, CSS, and JavaScript.\r\nCollaborate with design teams to create visually appealing layouts.'),
('037W002', 37, 'WebMasters Inc.', 'UI/UX Designer', '', '2020', 4, '2023', 1, 'Develop responsive and user-friendly web interfaces.\r\nImplement interactive features using HTML, CSS, and JavaScript.\r\nCollaborate with design teams to create visually appealing layouts.'),
('038W001', 38, 'WebMasters Inc.', 'Full Stack Developer', '', '2017', 10, '2019', 6, 'Design intuitive and visually appealing user interfaces for websites.\nCreate wireframes and prototypes to demonstrate user flows.'),
('038W002', 38, 'CreativeWeb Agency', 'Front-end Designer', '', '2019', 10, '2020', 1, 'Collaborate with developers to ensure seamless implementation of designs.'),
('038W003', 38, 'TechNinja Labs', 'Front-end Designer', '', '2020', 5, '2023', 1, 'Develop and maintain both front-end and back-end components of web applications.'),
('039W001', 39, 'WebFlow Solutions', 'Front-end Architect', '', '2015', 8, '2020', 1, 'Design visually stunning and creative web interfaces.\nDevelop prototypes and iterate based on user feedback.'),
('039W002', 39, 'UXVisionaries', 'UX Researcher', '', '2020', 4, '2023', 4, 'Collaborate with developers to implement designs accurately.'),
('040W001', 40, 'WebFlow Solutions', 'Front-end Developer', '', '2015', 1, '2016', 3, 'Define and implement front-end architecture and best practices.\nMentor and guide junior developers in coding standards.\nCollaborate with cross-functional teams to drive project success.'),
('040W002', 40, 'InteractiveDesign Studio', 'Front-end Designer', '', '2016', 5, '2018', 2, 'Conduct user research and gather insights for design decisions.\nCreate user personas and user journey maps.\nCollaborate with designers and developers to iterate on user experiences.'),
('040W003', 40, 'E-commerce Solutions Ltd.', 'Front-end Designer', '', '2018', 6, '2020', 1, 'Develop complex web applications using JavaScript frameworks.\nImplement responsive designs and ensure code quality.'),
('040W004', 40, 'TechSavvy Solutions', 'Front-end Designer', '', '2021', 2, '2023', 3, 'Develop and maintain e-commerce websites with a focus on front-end functionality.'),
('042W001', 42, 'WebAnalytics Inc.', 'Web Analytics Specia', '', '2019', 10, '2023', 4, 'Implement payment gateways and shopping cart features.\nCollaborate with UI/UX designers to enhance the user shopping experience.'),
('043W001', 43, 'TechNinja Labs', 'Front-end Developer', '', '2016', 8, '2023', 1, 'Create animations and interactive elements using HTML, CSS, and JavaScript.\r\nCollaborate with developers to ensure seamless integration.'),
('045W001', 45, 'CreativeWeb Agency', 'Full Stack Developer', '', '2020', 10, '2023', 3, 'Implement web analytics tracking codes and tools.\nAnalyze user behavior and provide insights for website optimization.\nCollaborate with developers to implement data-driven features.'),
('046W001', 46, 'MobileFirst Technologies', 'Mobile Front-end Dev', '', '2018', 10, '2021', 1, 'Develop responsive and user-friendly web interfaces.\r\nImplement interactive features using HTML, CSS, and JavaScript.\r\nCollaborate with design teams to create visually appealing layouts.'),
('046W002', 46, 'TechSavvy Solutions', 'Front-end Performanc', '', '2021', 3, '2023', 2, 'Design intuitive and visually appealing user interfaces for websites.\nCreate wireframes and prototypes to demonstrate user flows.'),
('047W001', 47, 'DesignCode Studios', 'Front-end Developer', '', '2014', 10, '2015', 1, 'Collaborate with developers to ensure seamless implementation of designs.'),
('047W002', 47, 'CloudWeb Solutions', 'Cloud Front-end Deve', '', '2016', 1, '2016', 5, 'Develop and maintain both front-end and back-end components of web applications.'),
('047W003', 47, 'CreativeWeb Agency', 'Full Stack Developer', '', '2017', 3, '2023', 2, 'Design visually stunning and creative web interfaces.\nDevelop prototypes and iterate based on user feedback.'),
('048W001', 48, 'MobileFirst Technologies', 'Mobile Front-end Dev', '', '2021', 10, '2022', 12, 'Collaborate with developers to implement designs accurately.'),
('049W001', 49, 'TechSavvy Solutions', 'Front-end Performanc', '', '2017', 9, '2020', 2, 'Define and implement front-end architecture and best practices.\nMentor and guide junior developers in coding standards.\nCollaborate with cross-functional teams to drive project success.'),
('049W002', 49, 'DesignCode Studios', 'Front-end Developer', '', '2020', 4, '2023', 2, 'Conduct user research and gather insights for design decisions.\nCreate user personas and user journey maps.\nCollaborate with designers and developers to iterate on user experiences.'),
('050W001', 50, 'CloudWeb Solutions', 'Cloud Front-end Deve', '', '2021', 10, '2023', 2, 'Develop complex web applications using JavaScript frameworks.\nImplement responsive designs and ensure code quality.'),
('052W001', 52, 'Backware Technology Co., Ltd.', 'web designer', '', '2022', 8, '2023', 8, '1.Designed and implemented web appliecations along with Third-party software integrations as a web team liaison.\n 2.Website maintenance.'),
('054W001', 54, 'Mission Technology Co., Ltd.', 'front-end developer', '', '2022', 8, '2023', 8, '1. Designed and implemented web appliecations along with Third-party software integrations as a web team liaison.\n 2. Assist on website maintenance.\n 3. Design Company??s website'),
('055W001', 55, 'Backware Technology Co., Ltd.', 'software engineer', '', '2018', 8, '2020', 3, '1. Designing and maintaining software systems.\n 2. Evaluating and testing new software programs.\n 3. Optimizing software for speed and scalability.'),
('055W002', 55, 'Happiness Technology Co., Ltd.', 'front-end developer', '', '2020', 9, '2023', 2, '1. Designed and implemented web appliecations along with Third-party software integrations as a web team liaison.\n 2. Assist on website maintenance.\n 3. Design Company??s website'),
('058W001', 58, 'Giant Gaming Co., Ltd.', 'game programmer', '', '2019', 7, '2023', 6, '1.Developed game named \"konbawasami part 1\" \n 2.Developed game named \"konbawasami part2\" \n 3.leading a 30 members group'),
('059W001', 59, 'Safe Technology Co., Ltd.', 'front-end developer', '', '2022', 7, '2023', 3, '1. Designed and implemented web appliecations along with Third-party software integrations as a web team liaison.\n 2. Assist on website maintenance.\n 3. Design Company??s website'),
('060W001', 60, 'Dino Technology Co., Ltd.', 'web designer', '', '2021', 10, '2023', 6, '1.Designed and implemented web appliecations along with Third-party software integrations as a web team liaison.\n 2.Website maintenance.'),
('061W001', 61, 'HappBDay Technology Co., Ltd.', 'front-end developer', '', '2022', 8, '2023', 7, '1. Designed and implemented web appliecations along with Third-party software integrations as a web team liaison.\n 2. Assist on website maintenance.\n 3. Design Company??s website'),
('063W001', 63, 'TwoToo Technology Co., Ltd.', 'web designer', '', '2021', 8, '2023', 4, '1.Designed and implemented web appliecations along with Third-party software integrations as a web team liaison.\n 2.Website maintenance.'),
('064W001', 64, 'NEEEKO Gaming Co., Ltd.', 'game programmer', '', '2022', 7, '2023', 7, '1.Developed game named \"konbawasami part 1\" \n 2.Developed game named \"konbawasami part2\" \n 3.leading a 30 members group'),
('065W001', 65, 'NEEEKO Gaming Co., Ltd.', 'game programmer', '', '2021', 11, '2023', 5, '1.Developed game named \"konbawasami part 1\" \n 2.Developed game named \"konbawasami part2\" \n 3.leading a 30 members group'),
('066W001', 66, 'Dumbo Gaming Co., Ltd.', 'game programmer', '', '2022', 8, '2023', 4, '1.Developed game named \"konbawasami part 1\" \n 2.Developed game named \"konbawasami part2\" \n 3.leading a 30 members group'),
('068W001', 68, 'Rewrite Technology Co., Ltd.', 'web designer', '', '2020', 10, '2022', 2, '1.Designed and implemented web appliecations along with Third-party software integrations as a web team liaison.\n 2.Website maintenance.'),
('068W002', 68, 'Infuture Technology Co., Ltd.', 'web designer', '', '2022', 2, '2023', 2, '1.Designed and implemented web appliecations along with Third-party software integrations as a web team liaison.\n 2.Website maintenance.'),
('069W001', 69, 'Rewrite Technology Co., Ltd.', 'web designer', '', '2017', 12, '2023', 6, '1.Designed and implemented web appliecations along with Third-party software integrations as a web team liaison.\n 2.Website maintenance.'),
('070W001', 70, 'Skt Forest Marketing Co., Ltd.', 'financial trader', '', '2020', 8, '2021', 7, '1.use your knowledge of the financial markets to buy and sell shares, bonds and assets for investors'),
('070W002', 70, 'Franky Entertainment Co., Ltd.', 'game programmer', '', '2022', 1, '2023', 6, '1.Developed game named \"konbawasami part 1\" \n 2.Developed game named \"konbawasami part2\" \n 3.leading a 30 members group'),
('071W001', 71, 'Nino Gaming Co., Ltd.', 'game programmer', '', '2021', 8, '2021', 11, '1.Developed game named \"konbawasami part 1\" \n 2.Developed game named \"konbawasami part2\" \n 3.leading a 30 members group'),
('071W002', 71, 'Dumbo Gaming Co., Ltd.', 'game programmer', '', '2022', 1, '2023', 4, '1.Developed game named \"konbawasami part 1\" \n 2.Developed game named \"konbawasami part2\" \n 3.leading a 30 members group'),
('072W001', 72, 'Sakamoto Digital Marketing Co.', 'web designer', 'intern', '2019', 2, '2019', 8, '1.Designed and implemented web appliecations along with Third-party software integrations as a web team liaison.\n 2.Website maintenance.'),
('072W002', 72, 'Sakamoto Digital Marketing Co.', 'web designer', '', '2019', 9, '2023', 6, '1.Designed and implemented web appliecations along with Third-party software integrations as a web team liaison.\n 2.Website maintenance.'),
('073W001', 73, 'Scarlett Digital Marketing Co.', 'front-end developer', '', '2013', 9, '2018', 4, '1. Designed and implemented web appliecations along with Third-party software integrations as a web team liaison.\n 2. Assist on website maintenance.\n 3. Design Company??s website'),
('073W002', 73, 'Rewrite Technology Co., Ltd.', 'front-end developer', '', '2019', 1, '2023', 4, '1. Designed and implemented web appliecations along with Third-party software integrations as a web team liaison.\n 2. Assist on website maintenance.\n 3. Design Company??s website'),
('074W001', 74, 'Just do it Digital Marketing C', 'front-end developer', '', '2020', 9, '2023', 2, '1. Designed and implemented web appliecations along with Third-party software integrations as a web team liaison.\n 2. Assist on website maintenance.\n 3. Design Company??s website'),
('075W001', 75, 'Franky Entertainment Co., Ltd.', 'game programmer', '', '2012', 10, '2022', 6, '1.Developed game named \"konbawasami part 1\" \n 2.Developed game named \"konbawasami part2\" \n 3.leading a 30 members group'),
('076W001', 76, 'Sakamoto Digital Marketing Co.', 'Software Engineer', '', '2018', 7, '2023', 5, '1. Developed and maintained web applications using various technologies.'),
('077W001', 77, 'Fast Technology Co., Ltd.', 'web designer', '', '2018', 2, '2023', 4, '1.Designed and implemented web appliecations along with Third-party software integrations as a web team liaison.\n2.Website maintenance.'),
('079W001', 79, 'Hua Technology Co., Ltd.', 'front-end developer', '', '2018', 1, '2023', 3, '1. Designed and implemented web appliecations along with Third-party software integrations as a web team liaison.\n2. Design Company??s website'),
('080W001', 80, 'Hing Digital Marketing Co., Lt', 'game programmer', '', '2019', 9, '2023', 2, '1.Developed game named \"konbawasami part 1\" \n2.Developed game named \"konbawasami part2\" \n3.leading a 30 members group'),
('081W001', 81, 'Ong Technology Co., Ltd.', 'web designer', '', '2019', 3, '2023', 1, '1.Designed and implemented web appliecations along with Third-party software integrations as a web team liaison.\n2.Website maintenance.'),
('083W001', 83, 'Happy ya Digital Marketing Co.', 'game programmer', '', '2020', 1, '2023', 1, '1.Developed game named \"Moliow jump\" \n2.Developed game named \"cockroach simulator\" \n3.leading a 15 members group'),
('086W001', 86, 'Unhappy ya Technology Co., Ltd', 'front-end developer', '', '2019', 12, '2023', 2, '1. Designed and implemented web appliecations along with Third-party software integrations as a web team liaison.\n2. Assist on website maintenance.\n3. Design Company??s website'),
('087W001', 87, 'Show Time Digital Marketing Co', 'game programmer', '', '2018', 2, '2023', 1, '1. Developed a game calls \"Sakamoto days\".\n 2. Design the website of our company and coded it with a team.'),
('090W001', 90, 'Debuger Technology Co., Ltd.', 'front-end developer', '', '2018', 11, '2023', 4, '1. Designed and implemented web appliecations along with Third-party software integrations as a web team liaison.\n 2. Developed a server to balidate membership and track digital badges being used, saving the company $22.6K.\n 3. Generated $60K+ in annual ad revenue as a system administrator of a large network of website.'),
('092W001', 92, 'Just do it Digital Marketing C', 'web designer', '', '2020', 3, '2023', 2, '1. Company social media management.\n 2. Redesign Compnay website\n 3. Assist on website maintenance.'),
('093W001', 93, 'Debuger Technology Co., Ltd.', 'front-end developer', '', '2017', 10, '2020', 4, '1. Designed and implemented web appliecations along with Third-party software integrations as a web team liaison.\n2. Design Company??s website'),
('093W002', 93, 'Just do it Digital Marketing C', 'web designer', '', '2020', 5, '2023', 1, '1.Designed and implemented web appliecations along with Third-party software integrations as a web team liaison.\n2.Website maintenance.'),
('094W001', 94, 'Debuger Technology Co., Ltd.', 'web designer', '', '2018', 2, '2023', 1, '1.Designed and implemented web appliecations along with Third-party software integrations as a web team liaison.\n2.Website maintenance.'),
('096W001', 96, 'Fast Technology Co., Ltd.', 'front-end developer', '', '2017', 2, '2023', 2, '1. Designed and implemented web appliecations along with Third-party software integrations as a web team liaison.\n2. Design Company??s website'),
('097W001', 97, 'Just do it Digital Marketing C', 'web designer', '', '2019', 9, '2023', 2, '1.Designed and implemented web appliecations along with Third-party software integrations as a web team liaison.\n2.Website maintenance.'),
('099W001', 99, 'Fast Technology Co., Ltd.', 'web designer', '', '2018', 10, '2023', 1, '1. Company social media management.\n 2. Redesign Compnay website\n 3. Assist on website maintenance.'),
('100W001', 100, 'Debuger Technology Co., Ltd.', 'front-end developer', '', '2019', 11, '2021', 3, 'Designed and implemented web appliecations along with Third-party software integrations as a web team liaison.\n2. Design Company??s website'),
('100W002', 100, 'Fast Technology Co., Ltd.', 'front-end developer', '', '2021', 5, '2023', 3, ''),
('101W001', 101, 'Stellar Solutions Ltd.', 'System Architect', '', '2022', 7, '2023', 6, 'Conducted data analysis and provided insights to optimize marketing campaigns, resulting in a 30% increase in conversion rates.\n'),
('102W001', 102, 'Crestview Enterprises Inc.', 'UX/UI Designer', '', '2022', 6, '2023', 5, 'Managed the deployment and configuration of network security measures, reducing the risk of cyber threats and ensuring compliance with industry regulations.'),
('103W001', 103, 'Stellar Solutions Ltd.', 'AI/Machine Learning ', '', '2022', 8, '2023', 5, 'Implemented a customer relationship management (CRM) system to streamline sales processes, leading to improved customer satisfaction and a 20% increase in sales revenue.'),
('109W001', 109, 'Crestview Enterprises Inc.', 'UX/UI Designer', '', '2021', 7, '2022', 2, ''),
('109W002', 109, 'Sunburst Ventures Ltd.', 'Digital Marketing Ma', '', '2022', 4, '2023', 6, 'Collaborated with cross-functional teams to design and implement mobile applications, ensuring seamless integration with backend systems.'),
('110W001', 110, 'Crestview Enterprises Inc.', 'Frontend Developer', '', '2018', 7, '2020', 10, ''),
('110W002', 110, 'Bluewave Enterprises Inc.', 'IT Project Manager', '', '2020', 10, '2023', 6, 'Developed an automated testing framework that reduced testing time by 50%, resulting in significant cost savings for the company.'),
('111W001', 111, 'Noblecrest Corporation Inc.', 'Cybersecurity Specia', '', '2018', 8, '2020', 12, '1.Conducted data analysis and provided insights to optimize marketing campaigns, resulting in a 30% increase in conversion rates.\n 2.Implemented a customer relationship management (CRM) system to streamline sales processes, leading to improved customer satisfaction and a 20% increase in sales revenue.\n 3.Managed the deployment and configuration of network security measures, reducing the risk of cyber threats and ensuring compliance with industry regulations.'),
('111W002', 111, 'Stellar Solutions Ltd.', 'Network Administrato', '', '2021', 1, '2023', 5, '1.Collaborated with cross-functional teams to design and implement mobile applications, ensuring seamless integration with backend systems.\n 2.Developed an automated testing framework that reduced testing time by 50%, resulting in significant cost savings for the company.\n 3.Led the migration of a legacy system to a cloud-based infrastructure, improving scalability and reducing maintenance costs.'),
('113W001', 113, 'Crestwood Solutions Inc.', 'IT Project Manager', '', '2018', 9, '2023', 6, '1.Collaborated with cross-functional teams to design and implement mobile applications, ensuring seamless integration with backend systems.\n 2.Developed an automated testing framework that reduced testing time by 50%, resulting in significant cost savings for the company.\n 3.Led the migration of a legacy system to a cloud-based infrastructure, improving scalability and reducing maintenance costs.'),
('114W001', 114, 'Sapphire Investments Inc.', 'Digital Marketing Ma', '', '2017', 8, '2021', 3, '1.Collaborated with cross-functional teams to design and implement mobile applications, ensuring seamless integration with backend systems.\n 2.Developed an automated testing framework that reduced testing time by 50%, resulting in significant cost savings for the company.\n 3.Led the migration of a legacy system to a cloud-based infrastructure, improving scalability and reducing maintenance costs.'),
('114W002', 114, 'Cascade Technologies Ltd.', 'Digital Marketing Ma', '', '2021', 5, '2023', 6, '1.Collaborated with cross-functional teams to design and implement mobile applications, ensuring seamless integration with backend systems.\n 2.Developed an automated testing framework that reduced testing time by 50%, resulting in significant cost savings for the company.\n 3.Led the migration of a legacy system to a cloud-based infrastructure, improving scalability and reducing maintenance costs.'),
('116W001', 116, 'Sapphire Investments Inc.', 'Digital Marketing Ma', '', '2013', 7, '2015', 10, '1.Conducted data analysis and provided insights to optimize marketing campaigns, resulting in a 30% increase in conversion rates.\n 2.Implemented a customer relationship management (CRM) system to streamline sales processes, leading to improved customer satisfaction and a 20% increase in sales revenue.\n 3.Managed the deployment and configuration of network security measures, reducing the risk of cyber threats and ensuring compliance with industry regulations.'),
('116W002', 116, 'Crestwood Solutions Inc.', 'UX/UI Designer', '', '2015', 11, '2016', 4, '1.Collaborated with cross-functional teams to design and implement mobile applications, ensuring seamless integration with backend systems.\n 2.Developed an automated testing framework that reduced testing time by 50%, resulting in significant cost savings for the company.\n 3.Led the migration of a legacy system to a cloud-based infrastructure, improving scalability and reducing maintenance costs.'),
('116W003', 116, 'Horizon Dynamics Ltd.', 'Software Developer', '', '2016', 6, '2023', 6, '1.Collaborated with cross-functional teams to design and implement mobile applications, ensuring seamless integration with backend systems.\n 2.Developed an automated testing framework that reduced testing time by 50%, resulting in significant cost savings for the company.\n 3.Led the migration of a legacy system to a cloud-based infrastructure, improving scalability and reducing maintenance costs.'),
('119W001', 119, 'Crestwood Solutions Inc.', 'System Architect', '', '2015', 6, '2018', 4, '1.Collaborated with cross-functional teams to design and implement mobile applications, ensuring seamless integration with backend systems.\n 2.Developed an automated testing framework that reduced testing time by 50%, resulting in significant cost savings for the company.\n 3.Led the migration of a legacy system to a cloud-based infrastructure, improving scalability and reducing maintenance costs.'),
('119W002', 119, 'Zenith Holdings Ltd.', 'IT Project Manager', '', '2018', 10, '2023', 5, '1.Conducted data analysis and provided insights to optimize marketing campaigns, resulting in a 30% increase in conversion rates.\n 2.Implemented a customer relationship management (CRM) system to streamline sales processes, leading to improved customer satisfaction and a 20% increase in sales revenue.\n 3.Managed the deployment and configuration of network security measures, reducing the risk of cyber threats and ensuring compliance with industry regulations.'),
('120W001', 120, 'Bluewave Enterprises Inc.', 'Cybersecurity Specia', '', '2022', 6, '2023', 6, ''),
('121W001', 121, 'Empyrean Industries Ltd.', 'Data Analyst', '', '2013', 10, '2015', 1, '1.Collaborated with cross-functional teams to design and implement mobile applications, ensuring seamless integration with backend systems.\n 2.Developed an automated testing framework that reduced testing time by 50%, resulting in significant cost savings for the company.\n 3.Led the migration of a legacy system to a cloud-based infrastructure, improving scalability and reducing maintenance costs.'),
('121W002', 121, 'Cascade Technologies Ltd.', 'Data Analyst', '', '2015', 2, '2019', 10, '1.Conducted data analysis and provided insights to optimize marketing campaigns, resulting in a 30% increase in conversion rates.\n 2.Implemented a customer relationship management (CRM) system to streamline sales processes, leading to improved customer satisfaction and a 20% increase in sales revenue.\n 3.Managed the deployment and configuration of network security measures, reducing the risk of cyber threats and ensuring compliance with industry regulations.'),
('121W003', 121, 'Vertex Innovations Ltd.', 'Data Analyst', '', '2019', 12, '2023', 4, '1.Collaborated with cross-functional teams to design and implement mobile applications, ensuring seamless integration with backend systems.\n 2.Developed an automated testing framework that reduced testing time by 50%, resulting in significant cost savings for the company.\n 3.Led the migration of a legacy system to a cloud-based infrastructure, improving scalability and reducing maintenance costs.'),
('122W001', 122, 'Crestview Enterprises Inc.', 'UX/UI Designer', '', '2016', 6, '2019', 12, '1.Conducted data analysis and provided insights to optimize marketing campaigns, resulting in a 30% increase in conversion rates.\n 2.Implemented a customer relationship management (CRM) system to streamline sales processes, leading to improved customer satisfaction and a 20% increase in sales revenue.\n 3.Managed the deployment and configuration of network security measures, reducing the risk of cyber threats and ensuring compliance with industry regulations.'),
('124W001', 124, 'Stellar Solutions Ltd.', 'Frontend Developer', '', '2022', 7, '2023', 6, '1.Conducted data analysis and provided insights to optimize marketing campaigns, resulting in a 30% increase in conversion rates.\n 2.Implemented a customer relationship management (CRM) system to streamline sales processes, leading to improved customer satisfaction and a 20% increase in sales revenue.\n 3.Managed the deployment and configuration of network security measures, reducing the risk of cyber threats and ensuring compliance with industry regulations.'),
('139W001', 139, 'Josh Technology Co., Ltd.', 'front-end developer', '', '2022', 6, '2023', 5, '1. Designed and implemented web appliecations along with Third-party software integrations as a web team liaison.\n 2. Developed a server to balidate membership and track digital badges being used, saving the company $22.6K.\n 3. Generated $60K+ in annual ad revenue as a system administrator of a large network of website.'),
('140W001', 140, 'Zato Technology Co., Ltd.', 'web designer', '', '2021', 7, '2022', 3, 'Designed and maintain company official website.'),
('140W002', 140, 'Bedman Technology Co., Ltd.', 'full-Stack Developer', '', '2022', 3, '2023', 6, '1. Designed and implemented web appliecations along with Third-party software integrations as a web team liaison.\n 2. Developed a server to balidate membership and track digital badges being used, saving the company $22.6K.\n 3. Generated $60K+ in annual ad revenue as a system administrator of a large network of website.'),
('141W001', 141, 'MMD Digital Marketing Co., Ltd', 'full-Stack Developer', '', '2022', 6, '2023', 6, '1. Designed and implemented web appliecations along with Third-party software integrations as a web team liaison.\n 2. Developed a server to balidate membership and track digital badges being used, saving the company $22.6K.\n 3. Generated $60K+ in annual ad revenue as a system administrator of a large network of website.'),
('142W001', 142, 'Jongie Digital Marketing Co., ', 'front-end developer', '', '2021', 10, '2023', 6, '1. Designed and implemented web appliecations along with Third-party software integrations as a web team liaison.\n 2. Developed a server to balidate membership and track digital badges being used, saving the company $22.6K.\n 3. Generated $60K+ in annual ad revenue as a system administrator of a large network of website.'),
('143W001', 143, 'Henya Technology Co., Ltd.', 'front-end developer', '', '2020', 2, '2021', 3, '1. Designed and implemented web appliecations along with Third-party software integrations as a web team liaison.\n 2. Developed a server to balidate membership and track digital badges being used, saving the company $22.6K.\n 3. Generated $60K+ in annual ad revenue as a system administrator of a large network of website.'),
('143W002', 143, 'Faust Financial Co., Ltd.', 'full-Stack Developer', '', '2021', 3, '2021', 12, '1. Designed and implemented web appliecations along with Third-party software integrations as a web team liaison.\n 2. Developed a server to balidate membership and track digital badges being used, saving the company $22.6K.\n 3. Generated $60K+ in annual ad revenue as a system administrator of a large network of website.'),
('143W003', 143, 'Asuka Technology Co., Ltd.', 'ui/ux designer', '', '2022', 2, '2023', 6, '1. Company social media(Facebook, Instagram, etc.) manage.\n 2. Design Compnay website UI flow, Wireframe, guideline.\n 3. Assist on website maintenance.'),
('144W001', 144, 'Henya Technology Co., Ltd.', 'front-end developer', '', '2020', 6, '2023', 6, '1. Designed and implemented web appliecations along with Third-party software integrations as a web team liaison.\n 2. Developed a server to balidate membership and track digital badges being used, saving the company $22.6K.\n 3. Generated $60K+ in annual ad revenue as a system administrator of a large network of website.'),
('145W001', 145, 'Zrush Entertainment Co., Ltd.', 'front-end developer', '', '2020', 6, '2020', 9, '1. Designed and implemented web appliecations along with Third-party software integrations as a web team liaison.\n 2. Developed a server to balidate membership and track digital badges being used, saving the company $22.6K.\n 3. Generated $60K+ in annual ad revenue as a system administrator of a large network of website.'),
('145W002', 145, 'Pikamee Financial Co., Ltd.', 'full-Stack Developer', '', '2020', 10, '2023', 6, '1. Designed and implemented web appliecations along with Third-party software integrations as a web team liaison.\n 2. Developed a server to balidate membership and track digital badges being used, saving the company $22.6K.\n 3. Generated $60K+ in annual ad revenue as a system administrator of a large network of website.'),
('146W001', 146, 'Zrush Entertainment Co., Ltd.', 'front-end developer', '', '2018', 6, '2020', 6, '1. Designed and implemented web appliecations along with Third-party software integrations as a web team liaison.\n 2. Developed a server to balidate membership and track digital badges being used, saving the company $22.6K.\n 3. Generated $60K+ in annual ad revenue as a system administrator of a large network of website.'),
('146W002', 146, 'KSP Entertainment Co., Ltd.', 'web designer', '', '2020', 6, '2021', 3, '1. Killing Zomb Online official website designed.\n 2. Company official website designed and maintenance.\n 3. Company\'s signed streamer website designed.\n 4. Helping streamer deal with the streaming issue.'),
('146W003', 146, 'Ruwen Entertainment Co., Ltd.', 'full-Stack Developer', '', '2021', 3, '2022', 3, '1. Designed and implemented web appliecations along with Third-party software integrations as a web team liaison.\n 2. Developed a server to balidate membership and track digital badges being used, saving the company $22.6K.\n 3. Generated $60K+ in annual ad revenue as a system administrator of a large network of website.'),
('146W004', 146, 'Ruwen Entertainment Co., Ltd.', 'website engineer', 'supervisor', '2022', 3, '2023', 6, '1. Leading a team with about 20 people.\n 2. Designed and implemented web appliecations along with Third-party software integrations as a web team liaison.\n 3. Developed a server to balidate membership and track digital badges being used, saving the company $22.6K.\n 4. Generated $60K+ in annual ad revenue as a system administrator of a large network of website.'),
('147W001', 147, 'Jujutsu Financial Co., Ltd.', 'front-end developer', '', '2019', 2, '2023', 6, '1. Designed and implemented web appliecations along with Third-party software integrations as a web team liaison.\n 2. Developed a server to balidate membership and track digital badges being used, saving the company $30K.\n 3. Generated $50K+ in annual ad revenue as a system administrator of a large network of website.'),
('148W001', 148, 'OWO Technology Co., Ltd.', 'ui/ux designer', '', '2017', 6, '2018', 2, '1. Company social media(Facebook, Instagram, etc.) manage.\n 2. Design Compnay website UI flow, Wireframe, guideline.\n 3. Assist on website maintenance.'),
('148W002', 148, 'Sakamoto games Inc.', 'Game Development Eng', '', '2018', 2, '2022', 3, '1. Developed a game calls \"Sakamoto days\".\n 2. Design the website of our company and coded it with a team.'),
('148W003', 148, 'Sakamoto games Inc.', 'front-end developer', '', '2022', 3, '2023', 6, '1. Designed and implemented web appliecations along with Third-party software integrations as a web team liaison.\n 2. Developed a server to balidate membership and track digital badges being used, saving the company $22.6K.\n 3. Generated $60K+ in annual ad revenue as a system administrator of a large network of website.'),
('149D003', 149, 'GodJJ Technology Co., Ltd.', 'front-end supervisor', 'supervisor', '2016', 2, '2023', 6, '1. Leading a team with about 40 people.\n 2. Developed a server to balidate membership and track digital badges being used, saving the company $22.6K.\n 3. Generated $60K+ in annual ad revenue as a system administrator of a large network of website.'),
('149W001', 149, 'UWU Technology Co., Ltd.', 'full-Stack Developer', '', '2013', 8, '2014', 7, '1. Designed and implemented web appliecations along with Third-party software integrations as a web team liaison.\n 2. Developed a server to balidate membership and track digital badges being used, saving the company $30K.\n 3. Generated $50K+ in annual ad revenue as a system administrator of a large network of website.'),
('149W002', 149, 'GodJJ Technology Co., Ltd.', 'front-end developer', '', '2014', 7, '2016', 2, '1. Designed and implemented web appliecations along with Third-party software integrations as a web team liaison.\n 2. Developed a server to balidate membership and track digital badges being used, saving the company $22.6K.\n 3. Generated $60K+ in annual ad revenue as a system administrator of a large network of website.'),
('150W001', 150, 'Qttsix Digital Marketing Co., ', 'web designer', '', '2014', 8, '2014', 11, '1. XXO Taipei festival website designed\n 2. OUO anime festival website designed'),
('150W002', 150, 'TK Digital Marketing Co., Ltd.', 'ui/ux designer', '', '2014', 11, '2016', 6, '1. Company social media(Facebook, Instagram, etc.) manage.\n 2. Design Compnay website UI flow, Wireframe, guideline.\n 3. Assist on website maintenance.'),
('150W003', 150, 'GodJJ Technology Co., Ltd.', 'front-end developer', '', '2016', 7, '2018', 7, '1. Designed and implemented web appliecations along with Third-party software integrations as a web team liaison.\n 2. Developed a server to balidate membership and track digital badges being used, saving the company $22.6K.\n 3. Generated $60K+ in annual ad revenue as a system administrator of a large network of website.'),
('150W004', 150, 'Gura Technology Co., Ltd.', 'full-Stack Developer', '', '2018', 7, '2022', 2, '1. Designed and implemented web appliecations along with Third-party software integrations as a web team liaison.\n 2. Developed a server to balidate membership and track digital badges being used, saving the company $24.7K.\n 3. Generated $40K+ in annual ad revenue as a system administrator of a large network of website.'),
('150W005', 150, 'Zrush Entertainment Co., Ltd.', 'front-end developer', '', '2022', 4, '2023', 6, '1. Designed and implemented web appliecations along with Third-party software integrations as a web team liaison.\n 2. Developed a server to balidate membership and track digital badges being used, saving the company $22.6K.\n 3. Generated $50K+ in annual ad revenue as a system administrator of a large network of website.'),
('177W001', 177, 'ZephyrTech Co., Ltd.', 'Software Engineer', '', '2013', 6, '2023', 3, 'Developed game named \"Pixel Quest\" as the lead programmer.'),
('178W001', 178, 'Luna Digital Marketing Co., Lt', 'UI/UX Designer', '', '2016', 6, '2023', 1, 'Developed a game called \"Mystic Quest\" as the lead developer, incorporating augmented reality features and online multiplayer functionality.'),
('180W001', 180, 'Titan Games Inc.', 'Game Programmer', '', '2013', 9, '2023', 1, 'Designed and implemented a web application for an e-commerce platform, integrating payment gateways and inventory management systems.'),
('181W001', 181, 'SparkTech Co., Ltd.', 'Front-end Developer', '', '2016', 7, '2023', 1, 'Led a group of 15 designers in creating UI/UX designs for a mobile app.'),
('182W001', 182, 'Solstice Digital Marketing Co.', 'Web Designer', '', '2013', 6, '2023', 3, 'Developed a virtual reality game called \"Cosmic Escape\" using Unity3D and C#.'),
('183W001', 183, 'NovaTech Co., Ltd.', 'Full-Stack Developer', '', '2015', 1, '2023', 3, 'Worked as a system administrator, maintaining and troubleshooting servers for a large network of websites.'),
('184W001', 184, 'AstroTech Co., Ltd. ', 'Front-end Developer', '', '2012', 6, '2023', 5, 'Collaborated with a cross-functional team to develop a customer relationship management (CRM) software with third-party integrations.'),
('188W001', 188, 'Quantum Entertainment Co., Ltd', 'Game Development Eng', '', '2009', 6, '2015', 2, 'Managed company social media accounts, increasing engagement and followers by 30%.'),
('188W002', 188, 'Luna Digital Marketing Co., Lt', 'Game Programmer', '', '2015', 3, '2023', 3, 'Designed and implemented a web-based inventory management system for a retail company, integrating with barcode scanners and supplier databases.'),
('192W001', 192, 'Pulse Digital Marketing Co., L', 'Web Designer', '', '2011', 7, '2023', 1, 'Assisted in the maintenance and updates of the company\'s official website, ensuring a smooth user experience.'),
('193W001', 193, 'FusionTech Co., Ltd. ', 'Front-end Developer', '', '2005', 5, '2013', 3, 'Developed a server application to track and manage user subscriptions, reducing subscription errors by 20%.'),
('193W002', 193, 'SparkTech Co., Ltd.', 'Web Designer', '', '2013', 3, '2023', 5, 'Led a group of 15 designers in the creation of a visually appealing user interface for a mobile gaming platform.'),
('194W001', 194, 'Horizon Games Inc.', 'Game Programmer', '', '2004', 6, '2009', 2, 'Led a team of 20 developers in the creation of a mobile app for a transportation company, optimizing route planning and tracking.'),
('194W002', 194, 'Fast Technology Co., Ltd.', 'Game Programmer', '', '2009', 4, '2023', 6, 'Collaborated with a cross-functional team to launch a new e-commerce website, resulting in a 40% increase in online sales.'),
('195W001', 195, 'StellarTech Co., Ltd. ', 'UI/UX Designer', '', '2013', 9, '2023', 2, 'Designed and implemented web applications for a healthcare organization, integrating electronic medical records and patient management systems.'),
('200W001', 200, 'Elixir Digital Marketing Co., ', 'Front-end Developer', '', '1986', 4, '1999', 1, 'Generated $80K+ in annual ad revenue as a system administrator by optimizing website performance and implementing targeted ad campaigns.'),
('200W002', 200, 'Hua Technology Co., Ltd.', 'Game Programmer', '', '1999', 3, '2009', 11, 'Managed website content and performed regular updates for a news organization, ensuring accurate and timely information for readers.'),
('200W003', 200, 'Debuger Technology Co., Ltd.', 'Full-Stack Developer', '', '2009', 9, '2023', 2, 'Designed and implemented a customer support ticketing system for a software company, improving response times and customer satisfaction.'),
('201W001', 201, 'NexusTech Co., Ltd.', 'Web Designer', '', '2014', 3, '2023', 1, 'Managed the redesign of a company\'s website, improving user interface and implementing responsive design for mobile devices.');

--
-- 已傾印資料表的索引
--

--
-- 資料表索引 `academic`
--
ALTER TABLE `academic`
  ADD PRIMARY KEY (`A_id`);

--
-- 資料表索引 `basic_information`
--
ALTER TABLE `basic_information`
  ADD PRIMARY KEY (`C_id`);

--
-- 資料表索引 `note_check`
--
ALTER TABLE `note_check`
  ADD PRIMARY KEY (`C_id`,`Note_View`);

--
-- 資料表索引 `other_experience`
--
ALTER TABLE `other_experience`
  ADD PRIMARY KEY (`exp_id`);

--
-- 資料表索引 `relation_table_oe_s`
--
ALTER TABLE `relation_table_oe_s`
  ADD PRIMARY KEY (`exp_id`,`skill_id`);

--
-- 資料表索引 `relation_table_we_s`
--
ALTER TABLE `relation_table_we_s`
  ADD PRIMARY KEY (`work_id`,`skill_id`);

--
-- 資料表索引 `skill`
--
ALTER TABLE `skill`
  ADD PRIMARY KEY (`skill_id`);

--
-- 資料表索引 `work_experience`
--
ALTER TABLE `work_experience`
  ADD PRIMARY KEY (`work_id`) USING BTREE;
COMMIT;

/*!40101 SET CHARACTER_SET_CLIENT=@OLD_CHARACTER_SET_CLIENT */;
/*!40101 SET CHARACTER_SET_RESULTS=@OLD_CHARACTER_SET_RESULTS */;
/*!40101 SET COLLATION_CONNECTION=@OLD_COLLATION_CONNECTION */;
